,Longitude (x),Latitude (y),Station Name,Climate ID,Date/Time,Year,Month,Day,Time,Temp (°C),Temp Flag,Dew Point Temp (°C),Dew Point Temp Flag,Rel Hum (%),Rel Hum Flag,Wind Dir (10s deg),Wind Dir Flag,Wind Spd (km/h),Wind Spd Flag,Visibility (km),Visibility Flag,Stn Press (kPa),Stn Press Flag,Hmdx,Hmdx Flag,Wind Chill,Wind Chill Flag,Weather
0,-114.44,62.46,YELLOWKNIFE A,2204100,2019-10-01 00:00,2019,10,1,00:00,,,,,,,,,,,,,,,,,,,
1,-114.44,62.46,YELLOWKNIFE A,2204100,2019-10-01 01:00,2019,10,1,01:00,,,,,,,,,,,,,,,,,,,
2,-114.44,62.46,YELLOWKNIFE A,2204100,2019-10-01 02:00,2019,10,1,02:00,,,,,,,,,,,,,,,,,,,
3,-114.44,62.46,YELLOWKNIFE A,2204100,2019-10-01 03:00,2019,10,1,03:00,,,,,,,,,,,,,,,,,,,
4,-114.44,62.46,YELLOWKNIFE A,2204100,2019-10-01 04:00,2019,10,1,04:00,,,,,,,,,,,,,,,,,,,
5,-114.44,62.46,YELLOWKNIFE A,2204100,2019-10-01 05:00,2019,10,1,05:00,,,,,,,,,,,,,,,,,,,
6,-114.44,62.46,YELLOWKNIFE A,2204100,2019-10-01 06:00,2019,10,1,06:00,,,,,,,,,,,,,,,,,,,
7,-114.44,62.46,YELLOWKNIFE A,2204100,2019-10-01 07:00,2019,10,1,07:00,,,,,,,,,,,,,,,,,,,
8,-114.44,62.46,YELLOWKNIFE A,2204100,2019-10-01 08:00,2019,10,1,08:00,,,,,,,,,,,,,,,,,,,
9,-114.44,62.46,YELLOWKNIFE A,2204100,2019-10-01 09:00,2019,10,1,09:00,,,,,,,,,,,,,,,,,,,
10,-114.44,62.46,YELLOWKNIFE A,2204100,2019-10-01 10:00,2019,10,1,10:00,,,,,,,,,,,,,,,,,,,
11,-114.44,62.46,YELLOWKNIFE A,2204100,2019-10-01 11:00,2019,10,1,11:00,,,,,,,,,,,,,,,,,,,
12,-114.44,62.46,YELLOWKNIFE A,2204100,2019-10-01 12:00,2019,10,1,12:00,,,,,,,,,,,,,,,,,,,
13,-114.44,62.46,YELLOWKNIFE A,2204100,2019-10-01 13:00,2019,10,1,13:00,,,,,,,,,,,,,,,,,,,
14,-114.44,62.46,YELLOWKNIFE A,2204100,2019-10-01 14:00,2019,10,1,14:00,,,,,,,,,,,,,,,,,,,
15,-114.44,62.46,YELLOWKNIFE A,2204100,2019-10-01 15:00,2019,10,1,15:00,,,,,,,,,,,,,,,,,,,
16,-114.44,62.46,YELLOWKNIFE A,2204100,2019-10-01 16:00,2019,10,1,16:00,,,,,,,,,,,,,,,,,,,
17,-114.44,62.46,YELLOWKNIFE A,2204100,2019-10-01 17:00,2019,10,1,17:00,,,,,,,,,,,,,,,,,,,
18,-114.44,62.46,YELLOWKNIFE A,2204100,2019-10-01 18:00,2019,10,1,18:00,,,,,,,,,,,,,,,,,,,
19,-114.44,62.46,YELLOWKNIFE A,2204100,2019-10-01 19:00,2019,10,1,19:00,,,,,,,,,,,,,,,,,,,
20,-114.44,62.46,YELLOWKNIFE A,2204100,2019-10-01 20:00,2019,10,1,20:00,,,,,,,,,,,,,,,,,,,
21,-114.44,62.46,YELLOWKNIFE A,2204100,2019-10-01 21:00,2019,10,1,21:00,,,,,,,,,,,,,,,,,,,
22,-114.44,62.46,YELLOWKNIFE A,2204100,2019-10-01 22:00,2019,10,1,22:00,,,,,,,,,,,,,,,,,,,
23,-114.44,62.46,YELLOWKNIFE A,2204100,2019-10-01 23:00,2019,10,1,23:00,,,,,,,,,,,,,,,,,,,
24,-114.44,62.46,YELLOWKNIFE A,2204100,2019-10-02 00:00,2019,10,2,00:00,,,,,,,,,,,,,,,,,,,
25,-114.44,62.46,YELLOWKNIFE A,2204100,2019-10-02 01:00,2019,10,2,01:00,,,,,,,,,,,,,,,,,,,
26,-114.44,62.46,YELLOWKNIFE A,2204100,2019-10-02 02:00,2019,10,2,02:00,,,,,,,,,,,,,,,,,,,
27,-114.44,62.46,YELLOWKNIFE A,2204100,2019-10-02 03:00,2019,10,2,03:00,,,,,,,,,,,,,,,,,,,
28,-114.44,62.46,YELLOWKNIFE A,2204100,2019-10-02 04:00,2019,10,2,04:00,,,,,,,,,,,,,,,,,,,
29,-114.44,62.46,YELLOWKNIFE A,2204100,2019-10-02 05:00,2019,10,2,05:00,,,,,,,,,,,,,,,,,,,
30,-114.44,62.46,YELLOWKNIFE A,2204100,2019-10-02 06:00,2019,10,2,06:00,,,,,,,,,,,,,,,,,,,
31,-114.44,62.46,YELLOWKNIFE A,2204100,2019-10-02 07:00,2019,10,2,07:00,,,,,,,,,,,,,,,,,,,
32,-114.44,62.46,YELLOWKNIFE A,2204100,2019-10-02 08:00,2019,10,2,08:00,,,,,,,,,,,,,,,,,,,
33,-114.44,62.46,YELLOWKNIFE A,2204100,2019-10-02 09:00,2019,10,2,09:00,,,,,,,,,,,,,,,,,,,
34,-114.44,62.46,YELLOWKNIFE A,2204100,2019-10-02 10:00,2019,10,2,10:00,,,,,,,,,,,,,,,,,,,
35,-114.44,62.46,YELLOWKNIFE A,2204100,2019-10-02 11:00,2019,10,2,11:00,,,,,,,,,,,,,,,,,,,
36,-114.44,62.46,YELLOWKNIFE A,2204100,2019-10-02 12:00,2019,10,2,12:00,,,,,,,,,,,,,,,,,,,
37,-114.44,62.46,YELLOWKNIFE A,2204100,2019-10-02 13:00,2019,10,2,13:00,,,,,,,,,,,,,,,,,,,
38,-114.44,62.46,YELLOWKNIFE A,2204100,2019-10-02 14:00,2019,10,2,14:00,,,,,,,,,,,,,,,,,,,
39,-114.44,62.46,YELLOWKNIFE A,2204100,2019-10-02 15:00,2019,10,2,15:00,,,,,,,,,,,,,,,,,,,
40,-114.44,62.46,YELLOWKNIFE A,2204100,2019-10-02 16:00,2019,10,2,16:00,,,,,,,,,,,,,,,,,,,
41,-114.44,62.46,YELLOWKNIFE A,2204100,2019-10-02 17:00,2019,10,2,17:00,,,,,,,,,,,,,,,,,,,
42,-114.44,62.46,YELLOWKNIFE A,2204100,2019-10-02 18:00,2019,10,2,18:00,,,,,,,,,,,,,,,,,,,
43,-114.44,62.46,YELLOWKNIFE A,2204100,2019-10-02 19:00,2019,10,2,19:00,,,,,,,,,,,,,,,,,,,
44,-114.44,62.46,YELLOWKNIFE A,2204100,2019-10-02 20:00,2019,10,2,20:00,,,,,,,,,,,,,,,,,,,
45,-114.44,62.46,YELLOWKNIFE A,2204100,2019-10-02 21:00,2019,10,2,21:00,,,,,,,,,,,,,,,,,,,
46,-114.44,62.46,YELLOWKNIFE A,2204100,2019-10-02 22:00,2019,10,2,22:00,,,,,,,,,,,,,,,,,,,
47,-114.44,62.46,YELLOWKNIFE A,2204100,2019-10-02 23:00,2019,10,2,23:00,,,,,,,,,,,,,,,,,,,
48,-114.44,62.46,YELLOWKNIFE A,2204100,2019-10-03 00:00,2019,10,3,00:00,,,,,,,,,,,,,,,,,,,
49,-114.44,62.46,YELLOWKNIFE A,2204100,2019-10-03 01:00,2019,10,3,01:00,,,,,,,,,,,,,,,,,,,
50,-114.44,62.46,YELLOWKNIFE A,2204100,2019-10-03 02:00,2019,10,3,02:00,,,,,,,,,,,,,,,,,,,
51,-114.44,62.46,YELLOWKNIFE A,2204100,2019-10-03 03:00,2019,10,3,03:00,,,,,,,,,,,,,,,,,,,
52,-114.44,62.46,YELLOWKNIFE A,2204100,2019-10-03 04:00,2019,10,3,04:00,,,,,,,,,,,,,,,,,,,
53,-114.44,62.46,YELLOWKNIFE A,2204100,2019-10-03 05:00,2019,10,3,05:00,,,,,,,,,,,,,,,,,,,
54,-114.44,62.46,YELLOWKNIFE A,2204100,2019-10-03 06:00,2019,10,3,06:00,,,,,,,,,,,,,,,,,,,
55,-114.44,62.46,YELLOWKNIFE A,2204100,2019-10-03 07:00,2019,10,3,07:00,,,,,,,,,,,,,,,,,,,
56,-114.44,62.46,YELLOWKNIFE A,2204100,2019-10-03 08:00,2019,10,3,08:00,,,,,,,,,,,,,,,,,,,
57,-114.44,62.46,YELLOWKNIFE A,2204100,2019-10-03 09:00,2019,10,3,09:00,,,,,,,,,,,,,,,,,,,
58,-114.44,62.46,YELLOWKNIFE A,2204100,2019-10-03 10:00,2019,10,3,10:00,,,,,,,,,,,,,,,,,,,
59,-114.44,62.46,YELLOWKNIFE A,2204100,2019-10-03 11:00,2019,10,3,11:00,,,,,,,,,,,,,,,,,,,
60,-114.44,62.46,YELLOWKNIFE A,2204100,2019-10-03 12:00,2019,10,3,12:00,,,,,,,,,,,,,,,,,,,
61,-114.44,62.46,YELLOWKNIFE A,2204100,2019-10-03 13:00,2019,10,3,13:00,,,,,,,,,,,,,,,,,,,
62,-114.44,62.46,YELLOWKNIFE A,2204100,2019-10-03 14:00,2019,10,3,14:00,,,,,,,,,,,,,,,,,,,
63,-114.44,62.46,YELLOWKNIFE A,2204100,2019-10-03 15:00,2019,10,3,15:00,,,,,,,,,,,,,,,,,,,
64,-114.44,62.46,YELLOWKNIFE A,2204100,2019-10-03 16:00,2019,10,3,16:00,,,,,,,,,,,,,,,,,,,
65,-114.44,62.46,YELLOWKNIFE A,2204100,2019-10-03 17:00,2019,10,3,17:00,,,,,,,,,,,,,,,,,,,
66,-114.44,62.46,YELLOWKNIFE A,2204100,2019-10-03 18:00,2019,10,3,18:00,,,,,,,,,,,,,,,,,,,
67,-114.44,62.46,YELLOWKNIFE A,2204100,2019-10-03 19:00,2019,10,3,19:00,,,,,,,,,,,,,,,,,,,
68,-114.44,62.46,YELLOWKNIFE A,2204100,2019-10-03 20:00,2019,10,3,20:00,,,,,,,,,,,,,,,,,,,
69,-114.44,62.46,YELLOWKNIFE A,2204100,2019-10-03 21:00,2019,10,3,21:00,,,,,,,,,,,,,,,,,,,
70,-114.44,62.46,YELLOWKNIFE A,2204100,2019-10-03 22:00,2019,10,3,22:00,,,,,,,,,,,,,,,,,,,
71,-114.44,62.46,YELLOWKNIFE A,2204100,2019-10-03 23:00,2019,10,3,23:00,,,,,,,,,,,,,,,,,,,
72,-114.44,62.46,YELLOWKNIFE A,2204100,2019-10-04 00:00,2019,10,4,00:00,,,,,,,,,,,,,,,,,,,
73,-114.44,62.46,YELLOWKNIFE A,2204100,2019-10-04 01:00,2019,10,4,01:00,,,,,,,,,,,,,,,,,,,
74,-114.44,62.46,YELLOWKNIFE A,2204100,2019-10-04 02:00,2019,10,4,02:00,,,,,,,,,,,,,,,,,,,
75,-114.44,62.46,YELLOWKNIFE A,2204100,2019-10-04 03:00,2019,10,4,03:00,,,,,,,,,,,,,,,,,,,
76,-114.44,62.46,YELLOWKNIFE A,2204100,2019-10-04 04:00,2019,10,4,04:00,,,,,,,,,,,,,,,,,,,
77,-114.44,62.46,YELLOWKNIFE A,2204100,2019-10-04 05:00,2019,10,4,05:00,,,,,,,,,,,,,,,,,,,
78,-114.44,62.46,YELLOWKNIFE A,2204100,2019-10-04 06:00,2019,10,4,06:00,,,,,,,,,,,,,,,,,,,
79,-114.44,62.46,YELLOWKNIFE A,2204100,2019-10-04 07:00,2019,10,4,07:00,,,,,,,,,,,,,,,,,,,
80,-114.44,62.46,YELLOWKNIFE A,2204100,2019-10-04 08:00,2019,10,4,08:00,,,,,,,,,,,,,,,,,,,
81,-114.44,62.46,YELLOWKNIFE A,2204100,2019-10-04 09:00,2019,10,4,09:00,,,,,,,,,,,,,,,,,,,
82,-114.44,62.46,YELLOWKNIFE A,2204100,2019-10-04 10:00,2019,10,4,10:00,,,,,,,,,,,,,,,,,,,
83,-114.44,62.46,YELLOWKNIFE A,2204100,2019-10-04 11:00,2019,10,4,11:00,,,,,,,,,,,,,,,,,,,
84,-114.44,62.46,YELLOWKNIFE A,2204100,2019-10-04 12:00,2019,10,4,12:00,,,,,,,,,,,,,,,,,,,
85,-114.44,62.46,YELLOWKNIFE A,2204100,2019-10-04 13:00,2019,10,4,13:00,,,,,,,,,,,,,,,,,,,
86,-114.44,62.46,YELLOWKNIFE A,2204100,2019-10-04 14:00,2019,10,4,14:00,,,,,,,,,,,,,,,,,,,
87,-114.44,62.46,YELLOWKNIFE A,2204100,2019-10-04 15:00,2019,10,4,15:00,,,,,,,,,,,,,,,,,,,
88,-114.44,62.46,YELLOWKNIFE A,2204100,2019-10-04 16:00,2019,10,4,16:00,,,,,,,,,,,,,,,,,,,
89,-114.44,62.46,YELLOWKNIFE A,2204100,2019-10-04 17:00,2019,10,4,17:00,,,,,,,,,,,,,,,,,,,
90,-114.44,62.46,YELLOWKNIFE A,2204100,2019-10-04 18:00,2019,10,4,18:00,,,,,,,,,,,,,,,,,,,
91,-114.44,62.46,YELLOWKNIFE A,2204100,2019-10-04 19:00,2019,10,4,19:00,,,,,,,,,,,,,,,,,,,
92,-114.44,62.46,YELLOWKNIFE A,2204100,2019-10-04 20:00,2019,10,4,20:00,,,,,,,,,,,,,,,,,,,
93,-114.44,62.46,YELLOWKNIFE A,2204100,2019-10-04 21:00,2019,10,4,21:00,,,,,,,,,,,,,,,,,,,
94,-114.44,62.46,YELLOWKNIFE A,2204100,2019-10-04 22:00,2019,10,4,22:00,,,,,,,,,,,,,,,,,,,
95,-114.44,62.46,YELLOWKNIFE A,2204100,2019-10-04 23:00,2019,10,4,23:00,,,,,,,,,,,,,,,,,,,
96,-114.44,62.46,YELLOWKNIFE A,2204100,2019-10-05 00:00,2019,10,5,00:00,,,,,,,,,,,,,,,,,,,
97,-114.44,62.46,YELLOWKNIFE A,2204100,2019-10-05 01:00,2019,10,5,01:00,,,,,,,,,,,,,,,,,,,
98,-114.44,62.46,YELLOWKNIFE A,2204100,2019-10-05 02:00,2019,10,5,02:00,,,,,,,,,,,,,,,,,,,
99,-114.44,62.46,YELLOWKNIFE A,2204100,2019-10-05 03:00,2019,10,5,03:00,,,,,,,,,,,,,,,,,,,
100,-114.44,62.46,YELLOWKNIFE A,2204100,2019-10-05 04:00,2019,10,5,04:00,,,,,,,,,,,,,,,,,,,
101,-114.44,62.46,YELLOWKNIFE A,2204100,2019-10-05 05:00,2019,10,5,05:00,,,,,,,,,,,,,,,,,,,
102,-114.44,62.46,YELLOWKNIFE A,2204100,2019-10-05 06:00,2019,10,5,06:00,,,,,,,,,,,,,,,,,,,
103,-114.44,62.46,YELLOWKNIFE A,2204100,2019-10-05 07:00,2019,10,5,07:00,,,,,,,,,,,,,,,,,,,
104,-114.44,62.46,YELLOWKNIFE A,2204100,2019-10-05 08:00,2019,10,5,08:00,,,,,,,,,,,,,,,,,,,
105,-114.44,62.46,YELLOWKNIFE A,2204100,2019-10-05 09:00,2019,10,5,09:00,,,,,,,,,,,,,,,,,,,
106,-114.44,62.46,YELLOWKNIFE A,2204100,2019-10-05 10:00,2019,10,5,10:00,,,,,,,,,,,,,,,,,,,
107,-114.44,62.46,YELLOWKNIFE A,2204100,2019-10-05 11:00,2019,10,5,11:00,,,,,,,,,,,,,,,,,,,
108,-114.44,62.46,YELLOWKNIFE A,2204100,2019-10-05 12:00,2019,10,5,12:00,,,,,,,,,,,,,,,,,,,
109,-114.44,62.46,YELLOWKNIFE A,2204100,2019-10-05 13:00,2019,10,5,13:00,,,,,,,,,,,,,,,,,,,
110,-114.44,62.46,YELLOWKNIFE A,2204100,2019-10-05 14:00,2019,10,5,14:00,,,,,,,,,,,,,,,,,,,
111,-114.44,62.46,YELLOWKNIFE A,2204100,2019-10-05 15:00,2019,10,5,15:00,,,,,,,,,,,,,,,,,,,
112,-114.44,62.46,YELLOWKNIFE A,2204100,2019-10-05 16:00,2019,10,5,16:00,,,,,,,,,,,,,,,,,,,
113,-114.44,62.46,YELLOWKNIFE A,2204100,2019-10-05 17:00,2019,10,5,17:00,,,,,,,,,,,,,,,,,,,
114,-114.44,62.46,YELLOWKNIFE A,2204100,2019-10-05 18:00,2019,10,5,18:00,,,,,,,,,,,,,,,,,,,
115,-114.44,62.46,YELLOWKNIFE A,2204100,2019-10-05 19:00,2019,10,5,19:00,,,,,,,,,,,,,,,,,,,
116,-114.44,62.46,YELLOWKNIFE A,2204100,2019-10-05 20:00,2019,10,5,20:00,,,,,,,,,,,,,,,,,,,
117,-114.44,62.46,YELLOWKNIFE A,2204100,2019-10-05 21:00,2019,10,5,21:00,,,,,,,,,,,,,,,,,,,
118,-114.44,62.46,YELLOWKNIFE A,2204100,2019-10-05 22:00,2019,10,5,22:00,,,,,,,,,,,,,,,,,,,
119,-114.44,62.46,YELLOWKNIFE A,2204100,2019-10-05 23:00,2019,10,5,23:00,,,,,,,,,,,,,,,,,,,
120,-114.44,62.46,YELLOWKNIFE A,2204100,2019-10-06 00:00,2019,10,6,00:00,,,,,,,,,,,,,,,,,,,
121,-114.44,62.46,YELLOWKNIFE A,2204100,2019-10-06 01:00,2019,10,6,01:00,,,,,,,,,,,,,,,,,,,
122,-114.44,62.46,YELLOWKNIFE A,2204100,2019-10-06 02:00,2019,10,6,02:00,,,,,,,,,,,,,,,,,,,
123,-114.44,62.46,YELLOWKNIFE A,2204100,2019-10-06 03:00,2019,10,6,03:00,,,,,,,,,,,,,,,,,,,
124,-114.44,62.46,YELLOWKNIFE A,2204100,2019-10-06 04:00,2019,10,6,04:00,,,,,,,,,,,,,,,,,,,
125,-114.44,62.46,YELLOWKNIFE A,2204100,2019-10-06 05:00,2019,10,6,05:00,,,,,,,,,,,,,,,,,,,
126,-114.44,62.46,YELLOWKNIFE A,2204100,2019-10-06 06:00,2019,10,6,06:00,,,,,,,,,,,,,,,,,,,
127,-114.44,62.46,YELLOWKNIFE A,2204100,2019-10-06 07:00,2019,10,6,07:00,,,,,,,,,,,,,,,,,,,
128,-114.44,62.46,YELLOWKNIFE A,2204100,2019-10-06 08:00,2019,10,6,08:00,,,,,,,,,,,,,,,,,,,
129,-114.44,62.46,YELLOWKNIFE A,2204100,2019-10-06 09:00,2019,10,6,09:00,,,,,,,,,,,,,,,,,,,
130,-114.44,62.46,YELLOWKNIFE A,2204100,2019-10-06 10:00,2019,10,6,10:00,,,,,,,,,,,,,,,,,,,
131,-114.44,62.46,YELLOWKNIFE A,2204100,2019-10-06 11:00,2019,10,6,11:00,,,,,,,,,,,,,,,,,,,
132,-114.44,62.46,YELLOWKNIFE A,2204100,2019-10-06 12:00,2019,10,6,12:00,,,,,,,,,,,,,,,,,,,
133,-114.44,62.46,YELLOWKNIFE A,2204100,2019-10-06 13:00,2019,10,6,13:00,,,,,,,,,,,,,,,,,,,
134,-114.44,62.46,YELLOWKNIFE A,2204100,2019-10-06 14:00,2019,10,6,14:00,,,,,,,,,,,,,,,,,,,
135,-114.44,62.46,YELLOWKNIFE A,2204100,2019-10-06 15:00,2019,10,6,15:00,,,,,,,,,,,,,,,,,,,
136,-114.44,62.46,YELLOWKNIFE A,2204100,2019-10-06 16:00,2019,10,6,16:00,,,,,,,,,,,,,,,,,,,
137,-114.44,62.46,YELLOWKNIFE A,2204100,2019-10-06 17:00,2019,10,6,17:00,,,,,,,,,,,,,,,,,,,
138,-114.44,62.46,YELLOWKNIFE A,2204100,2019-10-06 18:00,2019,10,6,18:00,,,,,,,,,,,,,,,,,,,
139,-114.44,62.46,YELLOWKNIFE A,2204100,2019-10-06 19:00,2019,10,6,19:00,,,,,,,,,,,,,,,,,,,
140,-114.44,62.46,YELLOWKNIFE A,2204100,2019-10-06 20:00,2019,10,6,20:00,,,,,,,,,,,,,,,,,,,
141,-114.44,62.46,YELLOWKNIFE A,2204100,2019-10-06 21:00,2019,10,6,21:00,,,,,,,,,,,,,,,,,,,
142,-114.44,62.46,YELLOWKNIFE A,2204100,2019-10-06 22:00,2019,10,6,22:00,,,,,,,,,,,,,,,,,,,
143,-114.44,62.46,YELLOWKNIFE A,2204100,2019-10-06 23:00,2019,10,6,23:00,,,,,,,,,,,,,,,,,,,
144,-114.44,62.46,YELLOWKNIFE A,2204100,2019-10-07 00:00,2019,10,7,00:00,,,,,,,,,,,,,,,,,,,
145,-114.44,62.46,YELLOWKNIFE A,2204100,2019-10-07 01:00,2019,10,7,01:00,,,,,,,,,,,,,,,,,,,
146,-114.44,62.46,YELLOWKNIFE A,2204100,2019-10-07 02:00,2019,10,7,02:00,,,,,,,,,,,,,,,,,,,
147,-114.44,62.46,YELLOWKNIFE A,2204100,2019-10-07 03:00,2019,10,7,03:00,,,,,,,,,,,,,,,,,,,
148,-114.44,62.46,YELLOWKNIFE A,2204100,2019-10-07 04:00,2019,10,7,04:00,,,,,,,,,,,,,,,,,,,
149,-114.44,62.46,YELLOWKNIFE A,2204100,2019-10-07 05:00,2019,10,7,05:00,,,,,,,,,,,,,,,,,,,
150,-114.44,62.46,YELLOWKNIFE A,2204100,2019-10-07 06:00,2019,10,7,06:00,,,,,,,,,,,,,,,,,,,
151,-114.44,62.46,YELLOWKNIFE A,2204100,2019-10-07 07:00,2019,10,7,07:00,,,,,,,,,,,,,,,,,,,
152,-114.44,62.46,YELLOWKNIFE A,2204100,2019-10-07 08:00,2019,10,7,08:00,,,,,,,,,,,,,,,,,,,
153,-114.44,62.46,YELLOWKNIFE A,2204100,2019-10-07 09:00,2019,10,7,09:00,,,,,,,,,,,,,,,,,,,
154,-114.44,62.46,YELLOWKNIFE A,2204100,2019-10-07 10:00,2019,10,7,10:00,,,,,,,,,,,,,,,,,,,
155,-114.44,62.46,YELLOWKNIFE A,2204100,2019-10-07 11:00,2019,10,7,11:00,,,,,,,,,,,,,,,,,,,
156,-114.44,62.46,YELLOWKNIFE A,2204100,2019-10-07 12:00,2019,10,7,12:00,,,,,,,,,,,,,,,,,,,
157,-114.44,62.46,YELLOWKNIFE A,2204100,2019-10-07 13:00,2019,10,7,13:00,,,,,,,,,,,,,,,,,,,
158,-114.44,62.46,YELLOWKNIFE A,2204100,2019-10-07 14:00,2019,10,7,14:00,,,,,,,,,,,,,,,,,,,
159,-114.44,62.46,YELLOWKNIFE A,2204100,2019-10-07 15:00,2019,10,7,15:00,,,,,,,,,,,,,,,,,,,
160,-114.44,62.46,YELLOWKNIFE A,2204100,2019-10-07 16:00,2019,10,7,16:00,,,,,,,,,,,,,,,,,,,
161,-114.44,62.46,YELLOWKNIFE A,2204100,2019-10-07 17:00,2019,10,7,17:00,,,,,,,,,,,,,,,,,,,
162,-114.44,62.46,YELLOWKNIFE A,2204100,2019-10-07 18:00,2019,10,7,18:00,,,,,,,,,,,,,,,,,,,
163,-114.44,62.46,YELLOWKNIFE A,2204100,2019-10-07 19:00,2019,10,7,19:00,,,,,,,,,,,,,,,,,,,
164,-114.44,62.46,YELLOWKNIFE A,2204100,2019-10-07 20:00,2019,10,7,20:00,,,,,,,,,,,,,,,,,,,
165,-114.44,62.46,YELLOWKNIFE A,2204100,2019-10-07 21:00,2019,10,7,21:00,,,,,,,,,,,,,,,,,,,
166,-114.44,62.46,YELLOWKNIFE A,2204100,2019-10-07 22:00,2019,10,7,22:00,,,,,,,,,,,,,,,,,,,
167,-114.44,62.46,YELLOWKNIFE A,2204100,2019-10-07 23:00,2019,10,7,23:00,,,,,,,,,,,,,,,,,,,
168,-114.44,62.46,YELLOWKNIFE A,2204100,2019-10-08 00:00,2019,10,8,00:00,,,,,,,,,,,,,,,,,,,
169,-114.44,62.46,YELLOWKNIFE A,2204100,2019-10-08 01:00,2019,10,8,01:00,,,,,,,,,,,,,,,,,,,
170,-114.44,62.46,YELLOWKNIFE A,2204100,2019-10-08 02:00,2019,10,8,02:00,,,,,,,,,,,,,,,,,,,
171,-114.44,62.46,YELLOWKNIFE A,2204100,2019-10-08 03:00,2019,10,8,03:00,,,,,,,,,,,,,,,,,,,
172,-114.44,62.46,YELLOWKNIFE A,2204100,2019-10-08 04:00,2019,10,8,04:00,,,,,,,,,,,,,,,,,,,
173,-114.44,62.46,YELLOWKNIFE A,2204100,2019-10-08 05:00,2019,10,8,05:00,,,,,,,,,,,,,,,,,,,
174,-114.44,62.46,YELLOWKNIFE A,2204100,2019-10-08 06:00,2019,10,8,06:00,,,,,,,,,,,,,,,,,,,
175,-114.44,62.46,YELLOWKNIFE A,2204100,2019-10-08 07:00,2019,10,8,07:00,,,,,,,,,,,,,,,,,,,
176,-114.44,62.46,YELLOWKNIFE A,2204100,2019-10-08 08:00,2019,10,8,08:00,,,,,,,,,,,,,,,,,,,
177,-114.44,62.46,YELLOWKNIFE A,2204100,2019-10-08 09:00,2019,10,8,09:00,,,,,,,,,,,,,,,,,,,
178,-114.44,62.46,YELLOWKNIFE A,2204100,2019-10-08 10:00,2019,10,8,10:00,,,,,,,,,,,,,,,,,,,
179,-114.44,62.46,YELLOWKNIFE A,2204100,2019-10-08 11:00,2019,10,8,11:00,,,,,,,,,,,,,,,,,,,
180,-114.44,62.46,YELLOWKNIFE A,2204100,2019-10-08 12:00,2019,10,8,12:00,,,,,,,,,,,,,,,,,,,
181,-114.44,62.46,YELLOWKNIFE A,2204100,2019-10-08 13:00,2019,10,8,13:00,,,,,,,,,,,,,,,,,,,
182,-114.44,62.46,YELLOWKNIFE A,2204100,2019-10-08 14:00,2019,10,8,14:00,,,,,,,,,,,,,,,,,,,
183,-114.44,62.46,YELLOWKNIFE A,2204100,2019-10-08 15:00,2019,10,8,15:00,,,,,,,,,,,,,,,,,,,
184,-114.44,62.46,YELLOWKNIFE A,2204100,2019-10-08 16:00,2019,10,8,16:00,,,,,,,,,,,,,,,,,,,
185,-114.44,62.46,YELLOWKNIFE A,2204100,2019-10-08 17:00,2019,10,8,17:00,,,,,,,,,,,,,,,,,,,
186,-114.44,62.46,YELLOWKNIFE A,2204100,2019-10-08 18:00,2019,10,8,18:00,,,,,,,,,,,,,,,,,,,
187,-114.44,62.46,YELLOWKNIFE A,2204100,2019-10-08 19:00,2019,10,8,19:00,,,,,,,,,,,,,,,,,,,
188,-114.44,62.46,YELLOWKNIFE A,2204100,2019-10-08 20:00,2019,10,8,20:00,,,,,,,,,,,,,,,,,,,
189,-114.44,62.46,YELLOWKNIFE A,2204100,2019-10-08 21:00,2019,10,8,21:00,,,,,,,,,,,,,,,,,,,
190,-114.44,62.46,YELLOWKNIFE A,2204100,2019-10-08 22:00,2019,10,8,22:00,,,,,,,,,,,,,,,,,,,
191,-114.44,62.46,YELLOWKNIFE A,2204100,2019-10-08 23:00,2019,10,8,23:00,,,,,,,,,,,,,,,,,,,
192,-114.44,62.46,YELLOWKNIFE A,2204100,2019-10-09 00:00,2019,10,9,00:00,,,,,,,,,,,,,,,,,,,
193,-114.44,62.46,YELLOWKNIFE A,2204100,2019-10-09 01:00,2019,10,9,01:00,,,,,,,,,,,,,,,,,,,
194,-114.44,62.46,YELLOWKNIFE A,2204100,2019-10-09 02:00,2019,10,9,02:00,,,,,,,,,,,,,,,,,,,
195,-114.44,62.46,YELLOWKNIFE A,2204100,2019-10-09 03:00,2019,10,9,03:00,,,,,,,,,,,,,,,,,,,
196,-114.44,62.46,YELLOWKNIFE A,2204100,2019-10-09 04:00,2019,10,9,04:00,,,,,,,,,,,,,,,,,,,
197,-114.44,62.46,YELLOWKNIFE A,2204100,2019-10-09 05:00,2019,10,9,05:00,,,,,,,,,,,,,,,,,,,
198,-114.44,62.46,YELLOWKNIFE A,2204100,2019-10-09 06:00,2019,10,9,06:00,,,,,,,,,,,,,,,,,,,
199,-114.44,62.46,YELLOWKNIFE A,2204100,2019-10-09 07:00,2019,10,9,07:00,,,,,,,,,,,,,,,,,,,
200,-114.44,62.46,YELLOWKNIFE A,2204100,2019-10-09 08:00,2019,10,9,08:00,,,,,,,,,,,,,,,,,,,
201,-114.44,62.46,YELLOWKNIFE A,2204100,2019-10-09 09:00,2019,10,9,09:00,,,,,,,,,,,,,,,,,,,
202,-114.44,62.46,YELLOWKNIFE A,2204100,2019-10-09 10:00,2019,10,9,10:00,,,,,,,,,,,,,,,,,,,
203,-114.44,62.46,YELLOWKNIFE A,2204100,2019-10-09 11:00,2019,10,9,11:00,,,,,,,,,,,,,,,,,,,
204,-114.44,62.46,YELLOWKNIFE A,2204100,2019-10-09 12:00,2019,10,9,12:00,,,,,,,,,,,,,,,,,,,
205,-114.44,62.46,YELLOWKNIFE A,2204100,2019-10-09 13:00,2019,10,9,13:00,,,,,,,,,,,,,,,,,,,
206,-114.44,62.46,YELLOWKNIFE A,2204100,2019-10-09 14:00,2019,10,9,14:00,,,,,,,,,,,,,,,,,,,
207,-114.44,62.46,YELLOWKNIFE A,2204100,2019-10-09 15:00,2019,10,9,15:00,,,,,,,,,,,,,,,,,,,
208,-114.44,62.46,YELLOWKNIFE A,2204100,2019-10-09 16:00,2019,10,9,16:00,,,,,,,,,,,,,,,,,,,
209,-114.44,62.46,YELLOWKNIFE A,2204100,2019-10-09 17:00,2019,10,9,17:00,,,,,,,,,,,,,,,,,,,
210,-114.44,62.46,YELLOWKNIFE A,2204100,2019-10-09 18:00,2019,10,9,18:00,,,,,,,,,,,,,,,,,,,
211,-114.44,62.46,YELLOWKNIFE A,2204100,2019-10-09 19:00,2019,10,9,19:00,,,,,,,,,,,,,,,,,,,
212,-114.44,62.46,YELLOWKNIFE A,2204100,2019-10-09 20:00,2019,10,9,20:00,,,,,,,,,,,,,,,,,,,
213,-114.44,62.46,YELLOWKNIFE A,2204100,2019-10-09 21:00,2019,10,9,21:00,,,,,,,,,,,,,,,,,,,
214,-114.44,62.46,YELLOWKNIFE A,2204100,2019-10-09 22:00,2019,10,9,22:00,,,,,,,,,,,,,,,,,,,
215,-114.44,62.46,YELLOWKNIFE A,2204100,2019-10-09 23:00,2019,10,9,23:00,,,,,,,,,,,,,,,,,,,
216,-114.44,62.46,YELLOWKNIFE A,2204100,2019-10-10 00:00,2019,10,10,00:00,,,,,,,,,,,,,,,,,,,
217,-114.44,62.46,YELLOWKNIFE A,2204100,2019-10-10 01:00,2019,10,10,01:00,,,,,,,,,,,,,,,,,,,
218,-114.44,62.46,YELLOWKNIFE A,2204100,2019-10-10 02:00,2019,10,10,02:00,,,,,,,,,,,,,,,,,,,
219,-114.44,62.46,YELLOWKNIFE A,2204100,2019-10-10 03:00,2019,10,10,03:00,,,,,,,,,,,,,,,,,,,
220,-114.44,62.46,YELLOWKNIFE A,2204100,2019-10-10 04:00,2019,10,10,04:00,,,,,,,,,,,,,,,,,,,
221,-114.44,62.46,YELLOWKNIFE A,2204100,2019-10-10 05:00,2019,10,10,05:00,,,,,,,,,,,,,,,,,,,
222,-114.44,62.46,YELLOWKNIFE A,2204100,2019-10-10 06:00,2019,10,10,06:00,,,,,,,,,,,,,,,,,,,
223,-114.44,62.46,YELLOWKNIFE A,2204100,2019-10-10 07:00,2019,10,10,07:00,,,,,,,,,,,,,,,,,,,
224,-114.44,62.46,YELLOWKNIFE A,2204100,2019-10-10 08:00,2019,10,10,08:00,,,,,,,,,,,,,,,,,,,
225,-114.44,62.46,YELLOWKNIFE A,2204100,2019-10-10 09:00,2019,10,10,09:00,,,,,,,,,,,,,,,,,,,
226,-114.44,62.46,YELLOWKNIFE A,2204100,2019-10-10 10:00,2019,10,10,10:00,,,,,,,,,,,,,,,,,,,
227,-114.44,62.46,YELLOWKNIFE A,2204100,2019-10-10 11:00,2019,10,10,11:00,,,,,,,,,,,,,,,,,,,
228,-114.44,62.46,YELLOWKNIFE A,2204100,2019-10-10 12:00,2019,10,10,12:00,,,,,,,,,,,,,,,,,,,
229,-114.44,62.46,YELLOWKNIFE A,2204100,2019-10-10 13:00,2019,10,10,13:00,,,,,,,,,,,,,,,,,,,
230,-114.44,62.46,YELLOWKNIFE A,2204100,2019-10-10 14:00,2019,10,10,14:00,,,,,,,,,,,,,,,,,,,
231,-114.44,62.46,YELLOWKNIFE A,2204100,2019-10-10 15:00,2019,10,10,15:00,,,,,,,,,,,,,,,,,,,
232,-114.44,62.46,YELLOWKNIFE A,2204100,2019-10-10 16:00,2019,10,10,16:00,,,,,,,,,,,,,,,,,,,
233,-114.44,62.46,YELLOWKNIFE A,2204100,2019-10-10 17:00,2019,10,10,17:00,,,,,,,,,,,,,,,,,,,
234,-114.44,62.46,YELLOWKNIFE A,2204100,2019-10-10 18:00,2019,10,10,18:00,,,,,,,,,,,,,,,,,,,
235,-114.44,62.46,YELLOWKNIFE A,2204100,2019-10-10 19:00,2019,10,10,19:00,,,,,,,,,,,,,,,,,,,
236,-114.44,62.46,YELLOWKNIFE A,2204100,2019-10-10 20:00,2019,10,10,20:00,,,,,,,,,,,,,,,,,,,
237,-114.44,62.46,YELLOWKNIFE A,2204100,2019-10-10 21:00,2019,10,10,21:00,,,,,,,,,,,,,,,,,,,
238,-114.44,62.46,YELLOWKNIFE A,2204100,2019-10-10 22:00,2019,10,10,22:00,,,,,,,,,,,,,,,,,,,
239,-114.44,62.46,YELLOWKNIFE A,2204100,2019-10-10 23:00,2019,10,10,23:00,,,,,,,,,,,,,,,,,,,
240,-114.44,62.46,YELLOWKNIFE A,2204100,2019-10-11 00:00,2019,10,11,00:00,,,,,,,,,,,,,,,,,,,
241,-114.44,62.46,YELLOWKNIFE A,2204100,2019-10-11 01:00,2019,10,11,01:00,,,,,,,,,,,,,,,,,,,
242,-114.44,62.46,YELLOWKNIFE A,2204100,2019-10-11 02:00,2019,10,11,02:00,,,,,,,,,,,,,,,,,,,
243,-114.44,62.46,YELLOWKNIFE A,2204100,2019-10-11 03:00,2019,10,11,03:00,,,,,,,,,,,,,,,,,,,
244,-114.44,62.46,YELLOWKNIFE A,2204100,2019-10-11 04:00,2019,10,11,04:00,,,,,,,,,,,,,,,,,,,
245,-114.44,62.46,YELLOWKNIFE A,2204100,2019-10-11 05:00,2019,10,11,05:00,,,,,,,,,,,,,,,,,,,
246,-114.44,62.46,YELLOWKNIFE A,2204100,2019-10-11 06:00,2019,10,11,06:00,,,,,,,,,,,,,,,,,,,
247,-114.44,62.46,YELLOWKNIFE A,2204100,2019-10-11 07:00,2019,10,11,07:00,,,,,,,,,,,,,,,,,,,
248,-114.44,62.46,YELLOWKNIFE A,2204100,2019-10-11 08:00,2019,10,11,08:00,,,,,,,,,,,,,,,,,,,
249,-114.44,62.46,YELLOWKNIFE A,2204100,2019-10-11 09:00,2019,10,11,09:00,,,,,,,,,,,,,,,,,,,
250,-114.44,62.46,YELLOWKNIFE A,2204100,2019-10-11 10:00,2019,10,11,10:00,,,,,,,,,,,,,,,,,,,
251,-114.44,62.46,YELLOWKNIFE A,2204100,2019-10-11 11:00,2019,10,11,11:00,,,,,,,,,,,,,,,,,,,
252,-114.44,62.46,YELLOWKNIFE A,2204100,2019-10-11 12:00,2019,10,11,12:00,,,,,,,,,,,,,,,,,,,
253,-114.44,62.46,YELLOWKNIFE A,2204100,2019-10-11 13:00,2019,10,11,13:00,,,,,,,,,,,,,,,,,,,
254,-114.44,62.46,YELLOWKNIFE A,2204100,2019-10-11 14:00,2019,10,11,14:00,,,,,,,,,,,,,,,,,,,
255,-114.44,62.46,YELLOWKNIFE A,2204100,2019-10-11 15:00,2019,10,11,15:00,,,,,,,,,,,,,,,,,,,
256,-114.44,62.46,YELLOWKNIFE A,2204100,2019-10-11 16:00,2019,10,11,16:00,,,,,,,,,,,,,,,,,,,
257,-114.44,62.46,YELLOWKNIFE A,2204100,2019-10-11 17:00,2019,10,11,17:00,,,,,,,,,,,,,,,,,,,
258,-114.44,62.46,YELLOWKNIFE A,2204100,2019-10-11 18:00,2019,10,11,18:00,,,,,,,,,,,,,,,,,,,
259,-114.44,62.46,YELLOWKNIFE A,2204100,2019-10-11 19:00,2019,10,11,19:00,,,,,,,,,,,,,,,,,,,
260,-114.44,62.46,YELLOWKNIFE A,2204100,2019-10-11 20:00,2019,10,11,20:00,,,,,,,,,,,,,,,,,,,
261,-114.44,62.46,YELLOWKNIFE A,2204100,2019-10-11 21:00,2019,10,11,21:00,,,,,,,,,,,,,,,,,,,
262,-114.44,62.46,YELLOWKNIFE A,2204100,2019-10-11 22:00,2019,10,11,22:00,,,,,,,,,,,,,,,,,,,
263,-114.44,62.46,YELLOWKNIFE A,2204100,2019-10-11 23:00,2019,10,11,23:00,,,,,,,,,,,,,,,,,,,
264,-114.44,62.46,YELLOWKNIFE A,2204100,2019-10-12 00:00,2019,10,12,00:00,,,,,,,,,,,,,,,,,,,
265,-114.44,62.46,YELLOWKNIFE A,2204100,2019-10-12 01:00,2019,10,12,01:00,,,,,,,,,,,,,,,,,,,
266,-114.44,62.46,YELLOWKNIFE A,2204100,2019-10-12 02:00,2019,10,12,02:00,,,,,,,,,,,,,,,,,,,
267,-114.44,62.46,YELLOWKNIFE A,2204100,2019-10-12 03:00,2019,10,12,03:00,,,,,,,,,,,,,,,,,,,
268,-114.44,62.46,YELLOWKNIFE A,2204100,2019-10-12 04:00,2019,10,12,04:00,,,,,,,,,,,,,,,,,,,
269,-114.44,62.46,YELLOWKNIFE A,2204100,2019-10-12 05:00,2019,10,12,05:00,,,,,,,,,,,,,,,,,,,
270,-114.44,62.46,YELLOWKNIFE A,2204100,2019-10-12 06:00,2019,10,12,06:00,,,,,,,,,,,,,,,,,,,
271,-114.44,62.46,YELLOWKNIFE A,2204100,2019-10-12 07:00,2019,10,12,07:00,,,,,,,,,,,,,,,,,,,
272,-114.44,62.46,YELLOWKNIFE A,2204100,2019-10-12 08:00,2019,10,12,08:00,,,,,,,,,,,,,,,,,,,
273,-114.44,62.46,YELLOWKNIFE A,2204100,2019-10-12 09:00,2019,10,12,09:00,,,,,,,,,,,,,,,,,,,
274,-114.44,62.46,YELLOWKNIFE A,2204100,2019-10-12 10:00,2019,10,12,10:00,,,,,,,,,,,,,,,,,,,
275,-114.44,62.46,YELLOWKNIFE A,2204100,2019-10-12 11:00,2019,10,12,11:00,,,,,,,,,,,,,,,,,,,
276,-114.44,62.46,YELLOWKNIFE A,2204100,2019-10-12 12:00,2019,10,12,12:00,,,,,,,,,,,,,,,,,,,
277,-114.44,62.46,YELLOWKNIFE A,2204100,2019-10-12 13:00,2019,10,12,13:00,,,,,,,,,,,,,,,,,,,
278,-114.44,62.46,YELLOWKNIFE A,2204100,2019-10-12 14:00,2019,10,12,14:00,,,,,,,,,,,,,,,,,,,
279,-114.44,62.46,YELLOWKNIFE A,2204100,2019-10-12 15:00,2019,10,12,15:00,,,,,,,,,,,,,,,,,,,
280,-114.44,62.46,YELLOWKNIFE A,2204100,2019-10-12 16:00,2019,10,12,16:00,,,,,,,,,,,,,,,,,,,
281,-114.44,62.46,YELLOWKNIFE A,2204100,2019-10-12 17:00,2019,10,12,17:00,,,,,,,,,,,,,,,,,,,
282,-114.44,62.46,YELLOWKNIFE A,2204100,2019-10-12 18:00,2019,10,12,18:00,,,,,,,,,,,,,,,,,,,
283,-114.44,62.46,YELLOWKNIFE A,2204100,2019-10-12 19:00,2019,10,12,19:00,,,,,,,,,,,,,,,,,,,
284,-114.44,62.46,YELLOWKNIFE A,2204100,2019-10-12 20:00,2019,10,12,20:00,,,,,,,,,,,,,,,,,,,
285,-114.44,62.46,YELLOWKNIFE A,2204100,2019-10-12 21:00,2019,10,12,21:00,,,,,,,,,,,,,,,,,,,
286,-114.44,62.46,YELLOWKNIFE A,2204100,2019-10-12 22:00,2019,10,12,22:00,,,,,,,,,,,,,,,,,,,
287,-114.44,62.46,YELLOWKNIFE A,2204100,2019-10-12 23:00,2019,10,12,23:00,,,,,,,,,,,,,,,,,,,
288,-114.44,62.46,YELLOWKNIFE A,2204100,2019-10-13 00:00,2019,10,13,00:00,,,,,,,,,,,,,,,,,,,
289,-114.44,62.46,YELLOWKNIFE A,2204100,2019-10-13 01:00,2019,10,13,01:00,,,,,,,,,,,,,,,,,,,
290,-114.44,62.46,YELLOWKNIFE A,2204100,2019-10-13 02:00,2019,10,13,02:00,,,,,,,,,,,,,,,,,,,
291,-114.44,62.46,YELLOWKNIFE A,2204100,2019-10-13 03:00,2019,10,13,03:00,,,,,,,,,,,,,,,,,,,
292,-114.44,62.46,YELLOWKNIFE A,2204100,2019-10-13 04:00,2019,10,13,04:00,,,,,,,,,,,,,,,,,,,
293,-114.44,62.46,YELLOWKNIFE A,2204100,2019-10-13 05:00,2019,10,13,05:00,,,,,,,,,,,,,,,,,,,
294,-114.44,62.46,YELLOWKNIFE A,2204100,2019-10-13 06:00,2019,10,13,06:00,,,,,,,,,,,,,,,,,,,
295,-114.44,62.46,YELLOWKNIFE A,2204100,2019-10-13 07:00,2019,10,13,07:00,,,,,,,,,,,,,,,,,,,
296,-114.44,62.46,YELLOWKNIFE A,2204100,2019-10-13 08:00,2019,10,13,08:00,,,,,,,,,,,,,,,,,,,
297,-114.44,62.46,YELLOWKNIFE A,2204100,2019-10-13 09:00,2019,10,13,09:00,,,,,,,,,,,,,,,,,,,
298,-114.44,62.46,YELLOWKNIFE A,2204100,2019-10-13 10:00,2019,10,13,10:00,,,,,,,,,,,,,,,,,,,
299,-114.44,62.46,YELLOWKNIFE A,2204100,2019-10-13 11:00,2019,10,13,11:00,,,,,,,,,,,,,,,,,,,
300,-114.44,62.46,YELLOWKNIFE A,2204100,2019-10-13 12:00,2019,10,13,12:00,,,,,,,,,,,,,,,,,,,
301,-114.44,62.46,YELLOWKNIFE A,2204100,2019-10-13 13:00,2019,10,13,13:00,,,,,,,,,,,,,,,,,,,
302,-114.44,62.46,YELLOWKNIFE A,2204100,2019-10-13 14:00,2019,10,13,14:00,,,,,,,,,,,,,,,,,,,
303,-114.44,62.46,YELLOWKNIFE A,2204100,2019-10-13 15:00,2019,10,13,15:00,,,,,,,,,,,,,,,,,,,
304,-114.44,62.46,YELLOWKNIFE A,2204100,2019-10-13 16:00,2019,10,13,16:00,,,,,,,,,,,,,,,,,,,
305,-114.44,62.46,YELLOWKNIFE A,2204100,2019-10-13 17:00,2019,10,13,17:00,,,,,,,,,,,,,,,,,,,
306,-114.44,62.46,YELLOWKNIFE A,2204100,2019-10-13 18:00,2019,10,13,18:00,,,,,,,,,,,,,,,,,,,
307,-114.44,62.46,YELLOWKNIFE A,2204100,2019-10-13 19:00,2019,10,13,19:00,,,,,,,,,,,,,,,,,,,
308,-114.44,62.46,YELLOWKNIFE A,2204100,2019-10-13 20:00,2019,10,13,20:00,,,,,,,,,,,,,,,,,,,
309,-114.44,62.46,YELLOWKNIFE A,2204100,2019-10-13 21:00,2019,10,13,21:00,,,,,,,,,,,,,,,,,,,
310,-114.44,62.46,YELLOWKNIFE A,2204100,2019-10-13 22:00,2019,10,13,22:00,,,,,,,,,,,,,,,,,,,
311,-114.44,62.46,YELLOWKNIFE A,2204100,2019-10-13 23:00,2019,10,13,23:00,,,,,,,,,,,,,,,,,,,
312,-114.44,62.46,YELLOWKNIFE A,2204100,2019-10-14 00:00,2019,10,14,00:00,,,,,,,,,,,,,,,,,,,
313,-114.44,62.46,YELLOWKNIFE A,2204100,2019-10-14 01:00,2019,10,14,01:00,,,,,,,,,,,,,,,,,,,
314,-114.44,62.46,YELLOWKNIFE A,2204100,2019-10-14 02:00,2019,10,14,02:00,,,,,,,,,,,,,,,,,,,
315,-114.44,62.46,YELLOWKNIFE A,2204100,2019-10-14 03:00,2019,10,14,03:00,,,,,,,,,,,,,,,,,,,
316,-114.44,62.46,YELLOWKNIFE A,2204100,2019-10-14 04:00,2019,10,14,04:00,,,,,,,,,,,,,,,,,,,
317,-114.44,62.46,YELLOWKNIFE A,2204100,2019-10-14 05:00,2019,10,14,05:00,,,,,,,,,,,,,,,,,,,
318,-114.44,62.46,YELLOWKNIFE A,2204100,2019-10-14 06:00,2019,10,14,06:00,,,,,,,,,,,,,,,,,,,
319,-114.44,62.46,YELLOWKNIFE A,2204100,2019-10-14 07:00,2019,10,14,07:00,,,,,,,,,,,,,,,,,,,
320,-114.44,62.46,YELLOWKNIFE A,2204100,2019-10-14 08:00,2019,10,14,08:00,,,,,,,,,,,,,,,,,,,
321,-114.44,62.46,YELLOWKNIFE A,2204100,2019-10-14 09:00,2019,10,14,09:00,,,,,,,,,,,,,,,,,,,
322,-114.44,62.46,YELLOWKNIFE A,2204100,2019-10-14 10:00,2019,10,14,10:00,,,,,,,,,,,,,,,,,,,
323,-114.44,62.46,YELLOWKNIFE A,2204100,2019-10-14 11:00,2019,10,14,11:00,,,,,,,,,,,,,,,,,,,
324,-114.44,62.46,YELLOWKNIFE A,2204100,2019-10-14 12:00,2019,10,14,12:00,,,,,,,,,,,,,,,,,,,
325,-114.44,62.46,YELLOWKNIFE A,2204100,2019-10-14 13:00,2019,10,14,13:00,,,,,,,,,,,,,,,,,,,
326,-114.44,62.46,YELLOWKNIFE A,2204100,2019-10-14 14:00,2019,10,14,14:00,,,,,,,,,,,,,,,,,,,
327,-114.44,62.46,YELLOWKNIFE A,2204100,2019-10-14 15:00,2019,10,14,15:00,,,,,,,,,,,,,,,,,,,
328,-114.44,62.46,YELLOWKNIFE A,2204100,2019-10-14 16:00,2019,10,14,16:00,,,,,,,,,,,,,,,,,,,
329,-114.44,62.46,YELLOWKNIFE A,2204100,2019-10-14 17:00,2019,10,14,17:00,,,,,,,,,,,,,,,,,,,
330,-114.44,62.46,YELLOWKNIFE A,2204100,2019-10-14 18:00,2019,10,14,18:00,,,,,,,,,,,,,,,,,,,
331,-114.44,62.46,YELLOWKNIFE A,2204100,2019-10-14 19:00,2019,10,14,19:00,,,,,,,,,,,,,,,,,,,
332,-114.44,62.46,YELLOWKNIFE A,2204100,2019-10-14 20:00,2019,10,14,20:00,,,,,,,,,,,,,,,,,,,
333,-114.44,62.46,YELLOWKNIFE A,2204100,2019-10-14 21:00,2019,10,14,21:00,,,,,,,,,,,,,,,,,,,
334,-114.44,62.46,YELLOWKNIFE A,2204100,2019-10-14 22:00,2019,10,14,22:00,,,,,,,,,,,,,,,,,,,
335,-114.44,62.46,YELLOWKNIFE A,2204100,2019-10-14 23:00,2019,10,14,23:00,,,,,,,,,,,,,,,,,,,
336,-114.44,62.46,YELLOWKNIFE A,2204100,2019-10-15 00:00,2019,10,15,00:00,,,,,,,,,,,,,,,,,,,
337,-114.44,62.46,YELLOWKNIFE A,2204100,2019-10-15 01:00,2019,10,15,01:00,,,,,,,,,,,,,,,,,,,
338,-114.44,62.46,YELLOWKNIFE A,2204100,2019-10-15 02:00,2019,10,15,02:00,,,,,,,,,,,,,,,,,,,
339,-114.44,62.46,YELLOWKNIFE A,2204100,2019-10-15 03:00,2019,10,15,03:00,,,,,,,,,,,,,,,,,,,
340,-114.44,62.46,YELLOWKNIFE A,2204100,2019-10-15 04:00,2019,10,15,04:00,,,,,,,,,,,,,,,,,,,
341,-114.44,62.46,YELLOWKNIFE A,2204100,2019-10-15 05:00,2019,10,15,05:00,,,,,,,,,,,,,,,,,,,
342,-114.44,62.46,YELLOWKNIFE A,2204100,2019-10-15 06:00,2019,10,15,06:00,,,,,,,,,,,,,,,,,,,
343,-114.44,62.46,YELLOWKNIFE A,2204100,2019-10-15 07:00,2019,10,15,07:00,,,,,,,,,,,,,,,,,,,
344,-114.44,62.46,YELLOWKNIFE A,2204100,2019-10-15 08:00,2019,10,15,08:00,,,,,,,,,,,,,,,,,,,
345,-114.44,62.46,YELLOWKNIFE A,2204100,2019-10-15 09:00,2019,10,15,09:00,,,,,,,,,,,,,,,,,,,
346,-114.44,62.46,YELLOWKNIFE A,2204100,2019-10-15 10:00,2019,10,15,10:00,,,,,,,,,,,,,,,,,,,
347,-114.44,62.46,YELLOWKNIFE A,2204100,2019-10-15 11:00,2019,10,15,11:00,,,,,,,,,,,,,,,,,,,
348,-114.44,62.46,YELLOWKNIFE A,2204100,2019-10-15 12:00,2019,10,15,12:00,,,,,,,,,,,,,,,,,,,
349,-114.44,62.46,YELLOWKNIFE A,2204100,2019-10-15 13:00,2019,10,15,13:00,,,,,,,,,,,,,,,,,,,
350,-114.44,62.46,YELLOWKNIFE A,2204100,2019-10-15 14:00,2019,10,15,14:00,,,,,,,,,,,,,,,,,,,
351,-114.44,62.46,YELLOWKNIFE A,2204100,2019-10-15 15:00,2019,10,15,15:00,,,,,,,,,,,,,,,,,,,
352,-114.44,62.46,YELLOWKNIFE A,2204100,2019-10-15 16:00,2019,10,15,16:00,,,,,,,,,,,,,,,,,,,
353,-114.44,62.46,YELLOWKNIFE A,2204100,2019-10-15 17:00,2019,10,15,17:00,,,,,,,,,,,,,,,,,,,
354,-114.44,62.46,YELLOWKNIFE A,2204100,2019-10-15 18:00,2019,10,15,18:00,,,,,,,,,,,,,,,,,,,
355,-114.44,62.46,YELLOWKNIFE A,2204100,2019-10-15 19:00,2019,10,15,19:00,,,,,,,,,,,,,,,,,,,
356,-114.44,62.46,YELLOWKNIFE A,2204100,2019-10-15 20:00,2019,10,15,20:00,,,,,,,,,,,,,,,,,,,
357,-114.44,62.46,YELLOWKNIFE A,2204100,2019-10-15 21:00,2019,10,15,21:00,,,,,,,,,,,,,,,,,,,
358,-114.44,62.46,YELLOWKNIFE A,2204100,2019-10-15 22:00,2019,10,15,22:00,,,,,,,,,,,,,,,,,,,
359,-114.44,62.46,YELLOWKNIFE A,2204100,2019-10-15 23:00,2019,10,15,23:00,,,,,,,,,,,,,,,,,,,
360,-114.44,62.46,YELLOWKNIFE A,2204100,2019-10-16 00:00,2019,10,16,00:00,,,,,,,,,,,,,,,,,,,
361,-114.44,62.46,YELLOWKNIFE A,2204100,2019-10-16 01:00,2019,10,16,01:00,,,,,,,,,,,,,,,,,,,
362,-114.44,62.46,YELLOWKNIFE A,2204100,2019-10-16 02:00,2019,10,16,02:00,,,,,,,,,,,,,,,,,,,
363,-114.44,62.46,YELLOWKNIFE A,2204100,2019-10-16 03:00,2019,10,16,03:00,,,,,,,,,,,,,,,,,,,
364,-114.44,62.46,YELLOWKNIFE A,2204100,2019-10-16 04:00,2019,10,16,04:00,,,,,,,,,,,,,,,,,,,
365,-114.44,62.46,YELLOWKNIFE A,2204100,2019-10-16 05:00,2019,10,16,05:00,,,,,,,,,,,,,,,,,,,
366,-114.44,62.46,YELLOWKNIFE A,2204100,2019-10-16 06:00,2019,10,16,06:00,,,,,,,,,,,,,,,,,,,
367,-114.44,62.46,YELLOWKNIFE A,2204100,2019-10-16 07:00,2019,10,16,07:00,,,,,,,,,,,,,,,,,,,
368,-114.44,62.46,YELLOWKNIFE A,2204100,2019-10-16 08:00,2019,10,16,08:00,,,,,,,,,,,,,,,,,,,
369,-114.44,62.46,YELLOWKNIFE A,2204100,2019-10-16 09:00,2019,10,16,09:00,,,,,,,,,,,,,,,,,,,
370,-114.44,62.46,YELLOWKNIFE A,2204100,2019-10-16 10:00,2019,10,16,10:00,,,,,,,,,,,,,,,,,,,
371,-114.44,62.46,YELLOWKNIFE A,2204100,2019-10-16 11:00,2019,10,16,11:00,,,,,,,,,,,,,,,,,,,
372,-114.44,62.46,YELLOWKNIFE A,2204100,2019-10-16 12:00,2019,10,16,12:00,,,,,,,,,,,,,,,,,,,
373,-114.44,62.46,YELLOWKNIFE A,2204100,2019-10-16 13:00,2019,10,16,13:00,,,,,,,,,,,,,,,,,,,
374,-114.44,62.46,YELLOWKNIFE A,2204100,2019-10-16 14:00,2019,10,16,14:00,,,,,,,,,,,,,,,,,,,
375,-114.44,62.46,YELLOWKNIFE A,2204100,2019-10-16 15:00,2019,10,16,15:00,,,,,,,,,,,,,,,,,,,
376,-114.44,62.46,YELLOWKNIFE A,2204100,2019-10-16 16:00,2019,10,16,16:00,,,,,,,,,,,,,,,,,,,
377,-114.44,62.46,YELLOWKNIFE A,2204100,2019-10-16 17:00,2019,10,16,17:00,,,,,,,,,,,,,,,,,,,
378,-114.44,62.46,YELLOWKNIFE A,2204100,2019-10-16 18:00,2019,10,16,18:00,,,,,,,,,,,,,,,,,,,
379,-114.44,62.46,YELLOWKNIFE A,2204100,2019-10-16 19:00,2019,10,16,19:00,,,,,,,,,,,,,,,,,,,
380,-114.44,62.46,YELLOWKNIFE A,2204100,2019-10-16 20:00,2019,10,16,20:00,,,,,,,,,,,,,,,,,,,
381,-114.44,62.46,YELLOWKNIFE A,2204100,2019-10-16 21:00,2019,10,16,21:00,,,,,,,,,,,,,,,,,,,
382,-114.44,62.46,YELLOWKNIFE A,2204100,2019-10-16 22:00,2019,10,16,22:00,,,,,,,,,,,,,,,,,,,
383,-114.44,62.46,YELLOWKNIFE A,2204100,2019-10-16 23:00,2019,10,16,23:00,,,,,,,,,,,,,,,,,,,
384,-114.44,62.46,YELLOWKNIFE A,2204100,2019-10-17 00:00,2019,10,17,00:00,,,,,,,,,,,,,,,,,,,
385,-114.44,62.46,YELLOWKNIFE A,2204100,2019-10-17 01:00,2019,10,17,01:00,,,,,,,,,,,,,,,,,,,
386,-114.44,62.46,YELLOWKNIFE A,2204100,2019-10-17 02:00,2019,10,17,02:00,,,,,,,,,,,,,,,,,,,
387,-114.44,62.46,YELLOWKNIFE A,2204100,2019-10-17 03:00,2019,10,17,03:00,,,,,,,,,,,,,,,,,,,
388,-114.44,62.46,YELLOWKNIFE A,2204100,2019-10-17 04:00,2019,10,17,04:00,,,,,,,,,,,,,,,,,,,
389,-114.44,62.46,YELLOWKNIFE A,2204100,2019-10-17 05:00,2019,10,17,05:00,,,,,,,,,,,,,,,,,,,
390,-114.44,62.46,YELLOWKNIFE A,2204100,2019-10-17 06:00,2019,10,17,06:00,,,,,,,,,,,,,,,,,,,
391,-114.44,62.46,YELLOWKNIFE A,2204100,2019-10-17 07:00,2019,10,17,07:00,,,,,,,,,,,,,,,,,,,
392,-114.44,62.46,YELLOWKNIFE A,2204100,2019-10-17 08:00,2019,10,17,08:00,,,,,,,,,,,,,,,,,,,
393,-114.44,62.46,YELLOWKNIFE A,2204100,2019-10-17 09:00,2019,10,17,09:00,,,,,,,,,,,,,,,,,,,
394,-114.44,62.46,YELLOWKNIFE A,2204100,2019-10-17 10:00,2019,10,17,10:00,,,,,,,,,,,,,,,,,,,
395,-114.44,62.46,YELLOWKNIFE A,2204100,2019-10-17 11:00,2019,10,17,11:00,,,,,,,,,,,,,,,,,,,
396,-114.44,62.46,YELLOWKNIFE A,2204100,2019-10-17 12:00,2019,10,17,12:00,,,,,,,,,,,,,,,,,,,
397,-114.44,62.46,YELLOWKNIFE A,2204100,2019-10-17 13:00,2019,10,17,13:00,,,,,,,,,,,,,,,,,,,
398,-114.44,62.46,YELLOWKNIFE A,2204100,2019-10-17 14:00,2019,10,17,14:00,,,,,,,,,,,,,,,,,,,
399,-114.44,62.46,YELLOWKNIFE A,2204100,2019-10-17 15:00,2019,10,17,15:00,,,,,,,,,,,,,,,,,,,
400,-114.44,62.46,YELLOWKNIFE A,2204100,2019-10-17 16:00,2019,10,17,16:00,,,,,,,,,,,,,,,,,,,
401,-114.44,62.46,YELLOWKNIFE A,2204100,2019-10-17 17:00,2019,10,17,17:00,,,,,,,,,,,,,,,,,,,
402,-114.44,62.46,YELLOWKNIFE A,2204100,2019-10-17 18:00,2019,10,17,18:00,,,,,,,,,,,,,,,,,,,
403,-114.44,62.46,YELLOWKNIFE A,2204100,2019-10-17 19:00,2019,10,17,19:00,,,,,,,,,,,,,,,,,,,
404,-114.44,62.46,YELLOWKNIFE A,2204100,2019-10-17 20:00,2019,10,17,20:00,,,,,,,,,,,,,,,,,,,
405,-114.44,62.46,YELLOWKNIFE A,2204100,2019-10-17 21:00,2019,10,17,21:00,,,,,,,,,,,,,,,,,,,
406,-114.44,62.46,YELLOWKNIFE A,2204100,2019-10-17 22:00,2019,10,17,22:00,,,,,,,,,,,,,,,,,,,
407,-114.44,62.46,YELLOWKNIFE A,2204100,2019-10-17 23:00,2019,10,17,23:00,,,,,,,,,,,,,,,,,,,
408,-114.44,62.46,YELLOWKNIFE A,2204100,2019-10-18 00:00,2019,10,18,00:00,,,,,,,,,,,,,,,,,,,
409,-114.44,62.46,YELLOWKNIFE A,2204100,2019-10-18 01:00,2019,10,18,01:00,,,,,,,,,,,,,,,,,,,
410,-114.44,62.46,YELLOWKNIFE A,2204100,2019-10-18 02:00,2019,10,18,02:00,,,,,,,,,,,,,,,,,,,
411,-114.44,62.46,YELLOWKNIFE A,2204100,2019-10-18 03:00,2019,10,18,03:00,,,,,,,,,,,,,,,,,,,
412,-114.44,62.46,YELLOWKNIFE A,2204100,2019-10-18 04:00,2019,10,18,04:00,,,,,,,,,,,,,,,,,,,
413,-114.44,62.46,YELLOWKNIFE A,2204100,2019-10-18 05:00,2019,10,18,05:00,,,,,,,,,,,,,,,,,,,
414,-114.44,62.46,YELLOWKNIFE A,2204100,2019-10-18 06:00,2019,10,18,06:00,,,,,,,,,,,,,,,,,,,
415,-114.44,62.46,YELLOWKNIFE A,2204100,2019-10-18 07:00,2019,10,18,07:00,,,,,,,,,,,,,,,,,,,
416,-114.44,62.46,YELLOWKNIFE A,2204100,2019-10-18 08:00,2019,10,18,08:00,,,,,,,,,,,,,,,,,,,
417,-114.44,62.46,YELLOWKNIFE A,2204100,2019-10-18 09:00,2019,10,18,09:00,,,,,,,,,,,,,,,,,,,
418,-114.44,62.46,YELLOWKNIFE A,2204100,2019-10-18 10:00,2019,10,18,10:00,,,,,,,,,,,,,,,,,,,
419,-114.44,62.46,YELLOWKNIFE A,2204100,2019-10-18 11:00,2019,10,18,11:00,,,,,,,,,,,,,,,,,,,
420,-114.44,62.46,YELLOWKNIFE A,2204100,2019-10-18 12:00,2019,10,18,12:00,,,,,,,,,,,,,,,,,,,
421,-114.44,62.46,YELLOWKNIFE A,2204100,2019-10-18 13:00,2019,10,18,13:00,,,,,,,,,,,,,,,,,,,
422,-114.44,62.46,YELLOWKNIFE A,2204100,2019-10-18 14:00,2019,10,18,14:00,,,,,,,,,,,,,,,,,,,
423,-114.44,62.46,YELLOWKNIFE A,2204100,2019-10-18 15:00,2019,10,18,15:00,,,,,,,,,,,,,,,,,,,
424,-114.44,62.46,YELLOWKNIFE A,2204100,2019-10-18 16:00,2019,10,18,16:00,,,,,,,,,,,,,,,,,,,
425,-114.44,62.46,YELLOWKNIFE A,2204100,2019-10-18 17:00,2019,10,18,17:00,,,,,,,,,,,,,,,,,,,
426,-114.44,62.46,YELLOWKNIFE A,2204100,2019-10-18 18:00,2019,10,18,18:00,,,,,,,,,,,,,,,,,,,
427,-114.44,62.46,YELLOWKNIFE A,2204100,2019-10-18 19:00,2019,10,18,19:00,,,,,,,,,,,,,,,,,,,
428,-114.44,62.46,YELLOWKNIFE A,2204100,2019-10-18 20:00,2019,10,18,20:00,,,,,,,,,,,,,,,,,,,
429,-114.44,62.46,YELLOWKNIFE A,2204100,2019-10-18 21:00,2019,10,18,21:00,,,,,,,,,,,,,,,,,,,
430,-114.44,62.46,YELLOWKNIFE A,2204100,2019-10-18 22:00,2019,10,18,22:00,,,,,,,,,,,,,,,,,,,
431,-114.44,62.46,YELLOWKNIFE A,2204100,2019-10-18 23:00,2019,10,18,23:00,,,,,,,,,,,,,,,,,,,
432,-114.44,62.46,YELLOWKNIFE A,2204100,2019-10-19 00:00,2019,10,19,00:00,,,,,,,,,,,,,,,,,,,
433,-114.44,62.46,YELLOWKNIFE A,2204100,2019-10-19 01:00,2019,10,19,01:00,,,,,,,,,,,,,,,,,,,
434,-114.44,62.46,YELLOWKNIFE A,2204100,2019-10-19 02:00,2019,10,19,02:00,,,,,,,,,,,,,,,,,,,
435,-114.44,62.46,YELLOWKNIFE A,2204100,2019-10-19 03:00,2019,10,19,03:00,,,,,,,,,,,,,,,,,,,
436,-114.44,62.46,YELLOWKNIFE A,2204100,2019-10-19 04:00,2019,10,19,04:00,,,,,,,,,,,,,,,,,,,
437,-114.44,62.46,YELLOWKNIFE A,2204100,2019-10-19 05:00,2019,10,19,05:00,,,,,,,,,,,,,,,,,,,
438,-114.44,62.46,YELLOWKNIFE A,2204100,2019-10-19 06:00,2019,10,19,06:00,,,,,,,,,,,,,,,,,,,
439,-114.44,62.46,YELLOWKNIFE A,2204100,2019-10-19 07:00,2019,10,19,07:00,,,,,,,,,,,,,,,,,,,
440,-114.44,62.46,YELLOWKNIFE A,2204100,2019-10-19 08:00,2019,10,19,08:00,,,,,,,,,,,,,,,,,,,
441,-114.44,62.46,YELLOWKNIFE A,2204100,2019-10-19 09:00,2019,10,19,09:00,,,,,,,,,,,,,,,,,,,
442,-114.44,62.46,YELLOWKNIFE A,2204100,2019-10-19 10:00,2019,10,19,10:00,,,,,,,,,,,,,,,,,,,
443,-114.44,62.46,YELLOWKNIFE A,2204100,2019-10-19 11:00,2019,10,19,11:00,,,,,,,,,,,,,,,,,,,
444,-114.44,62.46,YELLOWKNIFE A,2204100,2019-10-19 12:00,2019,10,19,12:00,,,,,,,,,,,,,,,,,,,
445,-114.44,62.46,YELLOWKNIFE A,2204100,2019-10-19 13:00,2019,10,19,13:00,,,,,,,,,,,,,,,,,,,
446,-114.44,62.46,YELLOWKNIFE A,2204100,2019-10-19 14:00,2019,10,19,14:00,,,,,,,,,,,,,,,,,,,
447,-114.44,62.46,YELLOWKNIFE A,2204100,2019-10-19 15:00,2019,10,19,15:00,,,,,,,,,,,,,,,,,,,
448,-114.44,62.46,YELLOWKNIFE A,2204100,2019-10-19 16:00,2019,10,19,16:00,,,,,,,,,,,,,,,,,,,
449,-114.44,62.46,YELLOWKNIFE A,2204100,2019-10-19 17:00,2019,10,19,17:00,,,,,,,,,,,,,,,,,,,
450,-114.44,62.46,YELLOWKNIFE A,2204100,2019-10-19 18:00,2019,10,19,18:00,,,,,,,,,,,,,,,,,,,
451,-114.44,62.46,YELLOWKNIFE A,2204100,2019-10-19 19:00,2019,10,19,19:00,,,,,,,,,,,,,,,,,,,
452,-114.44,62.46,YELLOWKNIFE A,2204100,2019-10-19 20:00,2019,10,19,20:00,,,,,,,,,,,,,,,,,,,
453,-114.44,62.46,YELLOWKNIFE A,2204100,2019-10-19 21:00,2019,10,19,21:00,,,,,,,,,,,,,,,,,,,
454,-114.44,62.46,YELLOWKNIFE A,2204100,2019-10-19 22:00,2019,10,19,22:00,,,,,,,,,,,,,,,,,,,
455,-114.44,62.46,YELLOWKNIFE A,2204100,2019-10-19 23:00,2019,10,19,23:00,,,,,,,,,,,,,,,,,,,
456,-114.44,62.46,YELLOWKNIFE A,2204100,2019-10-20 00:00,2019,10,20,00:00,,,,,,,,,,,,,,,,,,,
457,-114.44,62.46,YELLOWKNIFE A,2204100,2019-10-20 01:00,2019,10,20,01:00,,,,,,,,,,,,,,,,,,,
458,-114.44,62.46,YELLOWKNIFE A,2204100,2019-10-20 02:00,2019,10,20,02:00,,,,,,,,,,,,,,,,,,,
459,-114.44,62.46,YELLOWKNIFE A,2204100,2019-10-20 03:00,2019,10,20,03:00,,,,,,,,,,,,,,,,,,,
460,-114.44,62.46,YELLOWKNIFE A,2204100,2019-10-20 04:00,2019,10,20,04:00,,,,,,,,,,,,,,,,,,,
461,-114.44,62.46,YELLOWKNIFE A,2204100,2019-10-20 05:00,2019,10,20,05:00,,,,,,,,,,,,,,,,,,,
462,-114.44,62.46,YELLOWKNIFE A,2204100,2019-10-20 06:00,2019,10,20,06:00,,,,,,,,,,,,,,,,,,,
463,-114.44,62.46,YELLOWKNIFE A,2204100,2019-10-20 07:00,2019,10,20,07:00,,,,,,,,,,,,,,,,,,,
464,-114.44,62.46,YELLOWKNIFE A,2204100,2019-10-20 08:00,2019,10,20,08:00,,,,,,,,,,,,,,,,,,,
465,-114.44,62.46,YELLOWKNIFE A,2204100,2019-10-20 09:00,2019,10,20,09:00,,,,,,,,,,,,,,,,,,,
466,-114.44,62.46,YELLOWKNIFE A,2204100,2019-10-20 10:00,2019,10,20,10:00,,,,,,,,,,,,,,,,,,,
467,-114.44,62.46,YELLOWKNIFE A,2204100,2019-10-20 11:00,2019,10,20,11:00,,,,,,,,,,,,,,,,,,,
468,-114.44,62.46,YELLOWKNIFE A,2204100,2019-10-20 12:00,2019,10,20,12:00,,,,,,,,,,,,,,,,,,,
469,-114.44,62.46,YELLOWKNIFE A,2204100,2019-10-20 13:00,2019,10,20,13:00,,,,,,,,,,,,,,,,,,,
470,-114.44,62.46,YELLOWKNIFE A,2204100,2019-10-20 14:00,2019,10,20,14:00,,,,,,,,,,,,,,,,,,,
471,-114.44,62.46,YELLOWKNIFE A,2204100,2019-10-20 15:00,2019,10,20,15:00,,,,,,,,,,,,,,,,,,,
472,-114.44,62.46,YELLOWKNIFE A,2204100,2019-10-20 16:00,2019,10,20,16:00,,,,,,,,,,,,,,,,,,,
473,-114.44,62.46,YELLOWKNIFE A,2204100,2019-10-20 17:00,2019,10,20,17:00,,,,,,,,,,,,,,,,,,,
474,-114.44,62.46,YELLOWKNIFE A,2204100,2019-10-20 18:00,2019,10,20,18:00,,,,,,,,,,,,,,,,,,,
475,-114.44,62.46,YELLOWKNIFE A,2204100,2019-10-20 19:00,2019,10,20,19:00,,,,,,,,,,,,,,,,,,,
476,-114.44,62.46,YELLOWKNIFE A,2204100,2019-10-20 20:00,2019,10,20,20:00,,,,,,,,,,,,,,,,,,,
477,-114.44,62.46,YELLOWKNIFE A,2204100,2019-10-20 21:00,2019,10,20,21:00,,,,,,,,,,,,,,,,,,,
478,-114.44,62.46,YELLOWKNIFE A,2204100,2019-10-20 22:00,2019,10,20,22:00,,,,,,,,,,,,,,,,,,,
479,-114.44,62.46,YELLOWKNIFE A,2204100,2019-10-20 23:00,2019,10,20,23:00,,,,,,,,,,,,,,,,,,,
480,-114.44,62.46,YELLOWKNIFE A,2204100,2019-10-21 00:00,2019,10,21,00:00,,,,,,,,,,,,,,,,,,,
481,-114.44,62.46,YELLOWKNIFE A,2204100,2019-10-21 01:00,2019,10,21,01:00,,,,,,,,,,,,,,,,,,,
482,-114.44,62.46,YELLOWKNIFE A,2204100,2019-10-21 02:00,2019,10,21,02:00,,,,,,,,,,,,,,,,,,,
483,-114.44,62.46,YELLOWKNIFE A,2204100,2019-10-21 03:00,2019,10,21,03:00,,,,,,,,,,,,,,,,,,,
484,-114.44,62.46,YELLOWKNIFE A,2204100,2019-10-21 04:00,2019,10,21,04:00,,,,,,,,,,,,,,,,,,,
485,-114.44,62.46,YELLOWKNIFE A,2204100,2019-10-21 05:00,2019,10,21,05:00,,,,,,,,,,,,,,,,,,,
486,-114.44,62.46,YELLOWKNIFE A,2204100,2019-10-21 06:00,2019,10,21,06:00,,,,,,,,,,,,,,,,,,,
487,-114.44,62.46,YELLOWKNIFE A,2204100,2019-10-21 07:00,2019,10,21,07:00,,,,,,,,,,,,,,,,,,,
488,-114.44,62.46,YELLOWKNIFE A,2204100,2019-10-21 08:00,2019,10,21,08:00,,,,,,,,,,,,,,,,,,,
489,-114.44,62.46,YELLOWKNIFE A,2204100,2019-10-21 09:00,2019,10,21,09:00,,,,,,,,,,,,,,,,,,,
490,-114.44,62.46,YELLOWKNIFE A,2204100,2019-10-21 10:00,2019,10,21,10:00,,,,,,,,,,,,,,,,,,,
491,-114.44,62.46,YELLOWKNIFE A,2204100,2019-10-21 11:00,2019,10,21,11:00,,,,,,,,,,,,,,,,,,,
492,-114.44,62.46,YELLOWKNIFE A,2204100,2019-10-21 12:00,2019,10,21,12:00,,,,,,,,,,,,,,,,,,,
493,-114.44,62.46,YELLOWKNIFE A,2204100,2019-10-21 13:00,2019,10,21,13:00,,,,,,,,,,,,,,,,,,,
494,-114.44,62.46,YELLOWKNIFE A,2204100,2019-10-21 14:00,2019,10,21,14:00,,,,,,,,,,,,,,,,,,,
495,-114.44,62.46,YELLOWKNIFE A,2204100,2019-10-21 15:00,2019,10,21,15:00,,,,,,,,,,,,,,,,,,,
496,-114.44,62.46,YELLOWKNIFE A,2204100,2019-10-21 16:00,2019,10,21,16:00,,,,,,,,,,,,,,,,,,,
497,-114.44,62.46,YELLOWKNIFE A,2204100,2019-10-21 17:00,2019,10,21,17:00,,,,,,,,,,,,,,,,,,,
498,-114.44,62.46,YELLOWKNIFE A,2204100,2019-10-21 18:00,2019,10,21,18:00,,,,,,,,,,,,,,,,,,,
499,-114.44,62.46,YELLOWKNIFE A,2204100,2019-10-21 19:00,2019,10,21,19:00,,,,,,,,,,,,,,,,,,,
500,-114.44,62.46,YELLOWKNIFE A,2204100,2019-10-21 20:00,2019,10,21,20:00,,,,,,,,,,,,,,,,,,,
501,-114.44,62.46,YELLOWKNIFE A,2204100,2019-10-21 21:00,2019,10,21,21:00,,,,,,,,,,,,,,,,,,,
502,-114.44,62.46,YELLOWKNIFE A,2204100,2019-10-21 22:00,2019,10,21,22:00,,,,,,,,,,,,,,,,,,,
503,-114.44,62.46,YELLOWKNIFE A,2204100,2019-10-21 23:00,2019,10,21,23:00,,,,,,,,,,,,,,,,,,,
504,-114.44,62.46,YELLOWKNIFE A,2204100,2019-10-22 00:00,2019,10,22,00:00,,,,,,,,,,,,,,,,,,,
505,-114.44,62.46,YELLOWKNIFE A,2204100,2019-10-22 01:00,2019,10,22,01:00,,,,,,,,,,,,,,,,,,,
506,-114.44,62.46,YELLOWKNIFE A,2204100,2019-10-22 02:00,2019,10,22,02:00,,,,,,,,,,,,,,,,,,,
507,-114.44,62.46,YELLOWKNIFE A,2204100,2019-10-22 03:00,2019,10,22,03:00,,,,,,,,,,,,,,,,,,,
508,-114.44,62.46,YELLOWKNIFE A,2204100,2019-10-22 04:00,2019,10,22,04:00,,,,,,,,,,,,,,,,,,,
509,-114.44,62.46,YELLOWKNIFE A,2204100,2019-10-22 05:00,2019,10,22,05:00,,,,,,,,,,,,,,,,,,,
510,-114.44,62.46,YELLOWKNIFE A,2204100,2019-10-22 06:00,2019,10,22,06:00,,,,,,,,,,,,,,,,,,,
511,-114.44,62.46,YELLOWKNIFE A,2204100,2019-10-22 07:00,2019,10,22,07:00,,,,,,,,,,,,,,,,,,,
512,-114.44,62.46,YELLOWKNIFE A,2204100,2019-10-22 08:00,2019,10,22,08:00,,,,,,,,,,,,,,,,,,,
513,-114.44,62.46,YELLOWKNIFE A,2204100,2019-10-22 09:00,2019,10,22,09:00,,,,,,,,,,,,,,,,,,,
514,-114.44,62.46,YELLOWKNIFE A,2204100,2019-10-22 10:00,2019,10,22,10:00,,,,,,,,,,,,,,,,,,,
515,-114.44,62.46,YELLOWKNIFE A,2204100,2019-10-22 11:00,2019,10,22,11:00,,,,,,,,,,,,,,,,,,,
516,-114.44,62.46,YELLOWKNIFE A,2204100,2019-10-22 12:00,2019,10,22,12:00,,,,,,,,,,,,,,,,,,,
517,-114.44,62.46,YELLOWKNIFE A,2204100,2019-10-22 13:00,2019,10,22,13:00,,,,,,,,,,,,,,,,,,,
518,-114.44,62.46,YELLOWKNIFE A,2204100,2019-10-22 14:00,2019,10,22,14:00,,,,,,,,,,,,,,,,,,,
519,-114.44,62.46,YELLOWKNIFE A,2204100,2019-10-22 15:00,2019,10,22,15:00,,,,,,,,,,,,,,,,,,,
520,-114.44,62.46,YELLOWKNIFE A,2204100,2019-10-22 16:00,2019,10,22,16:00,,,,,,,,,,,,,,,,,,,
521,-114.44,62.46,YELLOWKNIFE A,2204100,2019-10-22 17:00,2019,10,22,17:00,,,,,,,,,,,,,,,,,,,
522,-114.44,62.46,YELLOWKNIFE A,2204100,2019-10-22 18:00,2019,10,22,18:00,,,,,,,,,,,,,,,,,,,
523,-114.44,62.46,YELLOWKNIFE A,2204100,2019-10-22 19:00,2019,10,22,19:00,,,,,,,,,,,,,,,,,,,
524,-114.44,62.46,YELLOWKNIFE A,2204100,2019-10-22 20:00,2019,10,22,20:00,,,,,,,,,,,,,,,,,,,
525,-114.44,62.46,YELLOWKNIFE A,2204100,2019-10-22 21:00,2019,10,22,21:00,,,,,,,,,,,,,,,,,,,
526,-114.44,62.46,YELLOWKNIFE A,2204100,2019-10-22 22:00,2019,10,22,22:00,,,,,,,,,,,,,,,,,,,
527,-114.44,62.46,YELLOWKNIFE A,2204100,2019-10-22 23:00,2019,10,22,23:00,,,,,,,,,,,,,,,,,,,
528,-114.44,62.46,YELLOWKNIFE A,2204100,2019-10-23 00:00,2019,10,23,00:00,,,,,,,,,,,,,,,,,,,
529,-114.44,62.46,YELLOWKNIFE A,2204100,2019-10-23 01:00,2019,10,23,01:00,,,,,,,,,,,,,,,,,,,
530,-114.44,62.46,YELLOWKNIFE A,2204100,2019-10-23 02:00,2019,10,23,02:00,,,,,,,,,,,,,,,,,,,
531,-114.44,62.46,YELLOWKNIFE A,2204100,2019-10-23 03:00,2019,10,23,03:00,,,,,,,,,,,,,,,,,,,
532,-114.44,62.46,YELLOWKNIFE A,2204100,2019-10-23 04:00,2019,10,23,04:00,,,,,,,,,,,,,,,,,,,
533,-114.44,62.46,YELLOWKNIFE A,2204100,2019-10-23 05:00,2019,10,23,05:00,,,,,,,,,,,,,,,,,,,
534,-114.44,62.46,YELLOWKNIFE A,2204100,2019-10-23 06:00,2019,10,23,06:00,,,,,,,,,,,,,,,,,,,
535,-114.44,62.46,YELLOWKNIFE A,2204100,2019-10-23 07:00,2019,10,23,07:00,,,,,,,,,,,,,,,,,,,
536,-114.44,62.46,YELLOWKNIFE A,2204100,2019-10-23 08:00,2019,10,23,08:00,,,,,,,,,,,,,,,,,,,
537,-114.44,62.46,YELLOWKNIFE A,2204100,2019-10-23 09:00,2019,10,23,09:00,,,,,,,,,,,,,,,,,,,
538,-114.44,62.46,YELLOWKNIFE A,2204100,2019-10-23 10:00,2019,10,23,10:00,,,,,,,,,,,,,,,,,,,
539,-114.44,62.46,YELLOWKNIFE A,2204100,2019-10-23 11:00,2019,10,23,11:00,,,,,,,,,,,,,,,,,,,
540,-114.44,62.46,YELLOWKNIFE A,2204100,2019-10-23 12:00,2019,10,23,12:00,,,,,,,,,,,,,,,,,,,
541,-114.44,62.46,YELLOWKNIFE A,2204100,2019-10-23 13:00,2019,10,23,13:00,,,,,,,,,,,,,,,,,,,
542,-114.44,62.46,YELLOWKNIFE A,2204100,2019-10-23 14:00,2019,10,23,14:00,,,,,,,,,,,,,,,,,,,
543,-114.44,62.46,YELLOWKNIFE A,2204100,2019-10-23 15:00,2019,10,23,15:00,,,,,,,,,,,,,,,,,,,
544,-114.44,62.46,YELLOWKNIFE A,2204100,2019-10-23 16:00,2019,10,23,16:00,,,,,,,,,,,,,,,,,,,
545,-114.44,62.46,YELLOWKNIFE A,2204100,2019-10-23 17:00,2019,10,23,17:00,,,,,,,,,,,,,,,,,,,
546,-114.44,62.46,YELLOWKNIFE A,2204100,2019-10-23 18:00,2019,10,23,18:00,,,,,,,,,,,,,,,,,,,
547,-114.44,62.46,YELLOWKNIFE A,2204100,2019-10-23 19:00,2019,10,23,19:00,,,,,,,,,,,,,,,,,,,
548,-114.44,62.46,YELLOWKNIFE A,2204100,2019-10-23 20:00,2019,10,23,20:00,,,,,,,,,,,,,,,,,,,
549,-114.44,62.46,YELLOWKNIFE A,2204100,2019-10-23 21:00,2019,10,23,21:00,,,,,,,,,,,,,,,,,,,
550,-114.44,62.46,YELLOWKNIFE A,2204100,2019-10-23 22:00,2019,10,23,22:00,,,,,,,,,,,,,,,,,,,
551,-114.44,62.46,YELLOWKNIFE A,2204100,2019-10-23 23:00,2019,10,23,23:00,,,,,,,,,,,,,,,,,,,
552,-114.44,62.46,YELLOWKNIFE A,2204100,2019-10-24 00:00,2019,10,24,00:00,,,,,,,,,,,,,,,,,,,
553,-114.44,62.46,YELLOWKNIFE A,2204100,2019-10-24 01:00,2019,10,24,01:00,,,,,,,,,,,,,,,,,,,
554,-114.44,62.46,YELLOWKNIFE A,2204100,2019-10-24 02:00,2019,10,24,02:00,,,,,,,,,,,,,,,,,,,
555,-114.44,62.46,YELLOWKNIFE A,2204100,2019-10-24 03:00,2019,10,24,03:00,,,,,,,,,,,,,,,,,,,
556,-114.44,62.46,YELLOWKNIFE A,2204100,2019-10-24 04:00,2019,10,24,04:00,,,,,,,,,,,,,,,,,,,
557,-114.44,62.46,YELLOWKNIFE A,2204100,2019-10-24 05:00,2019,10,24,05:00,,,,,,,,,,,,,,,,,,,
558,-114.44,62.46,YELLOWKNIFE A,2204100,2019-10-24 06:00,2019,10,24,06:00,,,,,,,,,,,,,,,,,,,
559,-114.44,62.46,YELLOWKNIFE A,2204100,2019-10-24 07:00,2019,10,24,07:00,,,,,,,,,,,,,,,,,,,
560,-114.44,62.46,YELLOWKNIFE A,2204100,2019-10-24 08:00,2019,10,24,08:00,,,,,,,,,,,,,,,,,,,
561,-114.44,62.46,YELLOWKNIFE A,2204100,2019-10-24 09:00,2019,10,24,09:00,,,,,,,,,,,,,,,,,,,
562,-114.44,62.46,YELLOWKNIFE A,2204100,2019-10-24 10:00,2019,10,24,10:00,,,,,,,,,,,,,,,,,,,
563,-114.44,62.46,YELLOWKNIFE A,2204100,2019-10-24 11:00,2019,10,24,11:00,,,,,,,,,,,,,,,,,,,
564,-114.44,62.46,YELLOWKNIFE A,2204100,2019-10-24 12:00,2019,10,24,12:00,,,,,,,,,,,,,,,,,,,
565,-114.44,62.46,YELLOWKNIFE A,2204100,2019-10-24 13:00,2019,10,24,13:00,,,,,,,,,,,,,,,,,,,
566,-114.44,62.46,YELLOWKNIFE A,2204100,2019-10-24 14:00,2019,10,24,14:00,,,,,,,,,,,,,,,,,,,
567,-114.44,62.46,YELLOWKNIFE A,2204100,2019-10-24 15:00,2019,10,24,15:00,,,,,,,,,,,,,,,,,,,
568,-114.44,62.46,YELLOWKNIFE A,2204100,2019-10-24 16:00,2019,10,24,16:00,,,,,,,,,,,,,,,,,,,
569,-114.44,62.46,YELLOWKNIFE A,2204100,2019-10-24 17:00,2019,10,24,17:00,,,,,,,,,,,,,,,,,,,
570,-114.44,62.46,YELLOWKNIFE A,2204100,2019-10-24 18:00,2019,10,24,18:00,,,,,,,,,,,,,,,,,,,
571,-114.44,62.46,YELLOWKNIFE A,2204100,2019-10-24 19:00,2019,10,24,19:00,,,,,,,,,,,,,,,,,,,
572,-114.44,62.46,YELLOWKNIFE A,2204100,2019-10-24 20:00,2019,10,24,20:00,,,,,,,,,,,,,,,,,,,
573,-114.44,62.46,YELLOWKNIFE A,2204100,2019-10-24 21:00,2019,10,24,21:00,,,,,,,,,,,,,,,,,,,
574,-114.44,62.46,YELLOWKNIFE A,2204100,2019-10-24 22:00,2019,10,24,22:00,,,,,,,,,,,,,,,,,,,
575,-114.44,62.46,YELLOWKNIFE A,2204100,2019-10-24 23:00,2019,10,24,23:00,,,,,,,,,,,,,,,,,,,
576,-114.44,62.46,YELLOWKNIFE A,2204100,2019-10-25 00:00,2019,10,25,00:00,,,,,,,,,,,,,,,,,,,
577,-114.44,62.46,YELLOWKNIFE A,2204100,2019-10-25 01:00,2019,10,25,01:00,,,,,,,,,,,,,,,,,,,
578,-114.44,62.46,YELLOWKNIFE A,2204100,2019-10-25 02:00,2019,10,25,02:00,,,,,,,,,,,,,,,,,,,
579,-114.44,62.46,YELLOWKNIFE A,2204100,2019-10-25 03:00,2019,10,25,03:00,,,,,,,,,,,,,,,,,,,
580,-114.44,62.46,YELLOWKNIFE A,2204100,2019-10-25 04:00,2019,10,25,04:00,,,,,,,,,,,,,,,,,,,
581,-114.44,62.46,YELLOWKNIFE A,2204100,2019-10-25 05:00,2019,10,25,05:00,,,,,,,,,,,,,,,,,,,
582,-114.44,62.46,YELLOWKNIFE A,2204100,2019-10-25 06:00,2019,10,25,06:00,,,,,,,,,,,,,,,,,,,
583,-114.44,62.46,YELLOWKNIFE A,2204100,2019-10-25 07:00,2019,10,25,07:00,,,,,,,,,,,,,,,,,,,
584,-114.44,62.46,YELLOWKNIFE A,2204100,2019-10-25 08:00,2019,10,25,08:00,,,,,,,,,,,,,,,,,,,
585,-114.44,62.46,YELLOWKNIFE A,2204100,2019-10-25 09:00,2019,10,25,09:00,,,,,,,,,,,,,,,,,,,
586,-114.44,62.46,YELLOWKNIFE A,2204100,2019-10-25 10:00,2019,10,25,10:00,,,,,,,,,,,,,,,,,,,
587,-114.44,62.46,YELLOWKNIFE A,2204100,2019-10-25 11:00,2019,10,25,11:00,,,,,,,,,,,,,,,,,,,
588,-114.44,62.46,YELLOWKNIFE A,2204100,2019-10-25 12:00,2019,10,25,12:00,,,,,,,,,,,,,,,,,,,
589,-114.44,62.46,YELLOWKNIFE A,2204100,2019-10-25 13:00,2019,10,25,13:00,,,,,,,,,,,,,,,,,,,
590,-114.44,62.46,YELLOWKNIFE A,2204100,2019-10-25 14:00,2019,10,25,14:00,,,,,,,,,,,,,,,,,,,
591,-114.44,62.46,YELLOWKNIFE A,2204100,2019-10-25 15:00,2019,10,25,15:00,,,,,,,,,,,,,,,,,,,
592,-114.44,62.46,YELLOWKNIFE A,2204100,2019-10-25 16:00,2019,10,25,16:00,,,,,,,,,,,,,,,,,,,
593,-114.44,62.46,YELLOWKNIFE A,2204100,2019-10-25 17:00,2019,10,25,17:00,,,,,,,,,,,,,,,,,,,
594,-114.44,62.46,YELLOWKNIFE A,2204100,2019-10-25 18:00,2019,10,25,18:00,,,,,,,,,,,,,,,,,,,
595,-114.44,62.46,YELLOWKNIFE A,2204100,2019-10-25 19:00,2019,10,25,19:00,,,,,,,,,,,,,,,,,,,
596,-114.44,62.46,YELLOWKNIFE A,2204100,2019-10-25 20:00,2019,10,25,20:00,,,,,,,,,,,,,,,,,,,
597,-114.44,62.46,YELLOWKNIFE A,2204100,2019-10-25 21:00,2019,10,25,21:00,,,,,,,,,,,,,,,,,,,
598,-114.44,62.46,YELLOWKNIFE A,2204100,2019-10-25 22:00,2019,10,25,22:00,,,,,,,,,,,,,,,,,,,
599,-114.44,62.46,YELLOWKNIFE A,2204100,2019-10-25 23:00,2019,10,25,23:00,,,,,,,,,,,,,,,,,,,
600,-114.44,62.46,YELLOWKNIFE A,2204100,2019-10-26 00:00,2019,10,26,00:00,,,,,,,,,,,,,,,,,,,
601,-114.44,62.46,YELLOWKNIFE A,2204100,2019-10-26 01:00,2019,10,26,01:00,,,,,,,,,,,,,,,,,,,
602,-114.44,62.46,YELLOWKNIFE A,2204100,2019-10-26 02:00,2019,10,26,02:00,,,,,,,,,,,,,,,,,,,
603,-114.44,62.46,YELLOWKNIFE A,2204100,2019-10-26 03:00,2019,10,26,03:00,,,,,,,,,,,,,,,,,,,
604,-114.44,62.46,YELLOWKNIFE A,2204100,2019-10-26 04:00,2019,10,26,04:00,,,,,,,,,,,,,,,,,,,
605,-114.44,62.46,YELLOWKNIFE A,2204100,2019-10-26 05:00,2019,10,26,05:00,,,,,,,,,,,,,,,,,,,
606,-114.44,62.46,YELLOWKNIFE A,2204100,2019-10-26 06:00,2019,10,26,06:00,,,,,,,,,,,,,,,,,,,
607,-114.44,62.46,YELLOWKNIFE A,2204100,2019-10-26 07:00,2019,10,26,07:00,,,,,,,,,,,,,,,,,,,
608,-114.44,62.46,YELLOWKNIFE A,2204100,2019-10-26 08:00,2019,10,26,08:00,,,,,,,,,,,,,,,,,,,
609,-114.44,62.46,YELLOWKNIFE A,2204100,2019-10-26 09:00,2019,10,26,09:00,,,,,,,,,,,,,,,,,,,
610,-114.44,62.46,YELLOWKNIFE A,2204100,2019-10-26 10:00,2019,10,26,10:00,,,,,,,,,,,,,,,,,,,
611,-114.44,62.46,YELLOWKNIFE A,2204100,2019-10-26 11:00,2019,10,26,11:00,,,,,,,,,,,,,,,,,,,
612,-114.44,62.46,YELLOWKNIFE A,2204100,2019-10-26 12:00,2019,10,26,12:00,,,,,,,,,,,,,,,,,,,
613,-114.44,62.46,YELLOWKNIFE A,2204100,2019-10-26 13:00,2019,10,26,13:00,,,,,,,,,,,,,,,,,,,
614,-114.44,62.46,YELLOWKNIFE A,2204100,2019-10-26 14:00,2019,10,26,14:00,,,,,,,,,,,,,,,,,,,
615,-114.44,62.46,YELLOWKNIFE A,2204100,2019-10-26 15:00,2019,10,26,15:00,,,,,,,,,,,,,,,,,,,
616,-114.44,62.46,YELLOWKNIFE A,2204100,2019-10-26 16:00,2019,10,26,16:00,,,,,,,,,,,,,,,,,,,
617,-114.44,62.46,YELLOWKNIFE A,2204100,2019-10-26 17:00,2019,10,26,17:00,,,,,,,,,,,,,,,,,,,
618,-114.44,62.46,YELLOWKNIFE A,2204100,2019-10-26 18:00,2019,10,26,18:00,,,,,,,,,,,,,,,,,,,
619,-114.44,62.46,YELLOWKNIFE A,2204100,2019-10-26 19:00,2019,10,26,19:00,,,,,,,,,,,,,,,,,,,
620,-114.44,62.46,YELLOWKNIFE A,2204100,2019-10-26 20:00,2019,10,26,20:00,,,,,,,,,,,,,,,,,,,
621,-114.44,62.46,YELLOWKNIFE A,2204100,2019-10-26 21:00,2019,10,26,21:00,,,,,,,,,,,,,,,,,,,
622,-114.44,62.46,YELLOWKNIFE A,2204100,2019-10-26 22:00,2019,10,26,22:00,,,,,,,,,,,,,,,,,,,
623,-114.44,62.46,YELLOWKNIFE A,2204100,2019-10-26 23:00,2019,10,26,23:00,,,,,,,,,,,,,,,,,,,
624,-114.44,62.46,YELLOWKNIFE A,2204100,2019-10-27 00:00,2019,10,27,00:00,,,,,,,,,,,,,,,,,,,
625,-114.44,62.46,YELLOWKNIFE A,2204100,2019-10-27 01:00,2019,10,27,01:00,,,,,,,,,,,,,,,,,,,
626,-114.44,62.46,YELLOWKNIFE A,2204100,2019-10-27 02:00,2019,10,27,02:00,,,,,,,,,,,,,,,,,,,
627,-114.44,62.46,YELLOWKNIFE A,2204100,2019-10-27 03:00,2019,10,27,03:00,,,,,,,,,,,,,,,,,,,
628,-114.44,62.46,YELLOWKNIFE A,2204100,2019-10-27 04:00,2019,10,27,04:00,,,,,,,,,,,,,,,,,,,
629,-114.44,62.46,YELLOWKNIFE A,2204100,2019-10-27 05:00,2019,10,27,05:00,,,,,,,,,,,,,,,,,,,
630,-114.44,62.46,YELLOWKNIFE A,2204100,2019-10-27 06:00,2019,10,27,06:00,,,,,,,,,,,,,,,,,,,
631,-114.44,62.46,YELLOWKNIFE A,2204100,2019-10-27 07:00,2019,10,27,07:00,,,,,,,,,,,,,,,,,,,
632,-114.44,62.46,YELLOWKNIFE A,2204100,2019-10-27 08:00,2019,10,27,08:00,,,,,,,,,,,,,,,,,,,
633,-114.44,62.46,YELLOWKNIFE A,2204100,2019-10-27 09:00,2019,10,27,09:00,,,,,,,,,,,,,,,,,,,
634,-114.44,62.46,YELLOWKNIFE A,2204100,2019-10-27 10:00,2019,10,27,10:00,,,,,,,,,,,,,,,,,,,
635,-114.44,62.46,YELLOWKNIFE A,2204100,2019-10-27 11:00,2019,10,27,11:00,,,,,,,,,,,,,,,,,,,
636,-114.44,62.46,YELLOWKNIFE A,2204100,2019-10-27 12:00,2019,10,27,12:00,,,,,,,,,,,,,,,,,,,
637,-114.44,62.46,YELLOWKNIFE A,2204100,2019-10-27 13:00,2019,10,27,13:00,,,,,,,,,,,,,,,,,,,
638,-114.44,62.46,YELLOWKNIFE A,2204100,2019-10-27 14:00,2019,10,27,14:00,,,,,,,,,,,,,,,,,,,
639,-114.44,62.46,YELLOWKNIFE A,2204100,2019-10-27 15:00,2019,10,27,15:00,,,,,,,,,,,,,,,,,,,
640,-114.44,62.46,YELLOWKNIFE A,2204100,2019-10-27 16:00,2019,10,27,16:00,,,,,,,,,,,,,,,,,,,
641,-114.44,62.46,YELLOWKNIFE A,2204100,2019-10-27 17:00,2019,10,27,17:00,,,,,,,,,,,,,,,,,,,
642,-114.44,62.46,YELLOWKNIFE A,2204100,2019-10-27 18:00,2019,10,27,18:00,,,,,,,,,,,,,,,,,,,
643,-114.44,62.46,YELLOWKNIFE A,2204100,2019-10-27 19:00,2019,10,27,19:00,,,,,,,,,,,,,,,,,,,
644,-114.44,62.46,YELLOWKNIFE A,2204100,2019-10-27 20:00,2019,10,27,20:00,,,,,,,,,,,,,,,,,,,
645,-114.44,62.46,YELLOWKNIFE A,2204100,2019-10-27 21:00,2019,10,27,21:00,,,,,,,,,,,,,,,,,,,
646,-114.44,62.46,YELLOWKNIFE A,2204100,2019-10-27 22:00,2019,10,27,22:00,,,,,,,,,,,,,,,,,,,
647,-114.44,62.46,YELLOWKNIFE A,2204100,2019-10-27 23:00,2019,10,27,23:00,,,,,,,,,,,,,,,,,,,
648,-114.44,62.46,YELLOWKNIFE A,2204100,2019-10-28 00:00,2019,10,28,00:00,,,,,,,,,,,,,,,,,,,
649,-114.44,62.46,YELLOWKNIFE A,2204100,2019-10-28 01:00,2019,10,28,01:00,,,,,,,,,,,,,,,,,,,
650,-114.44,62.46,YELLOWKNIFE A,2204100,2019-10-28 02:00,2019,10,28,02:00,,,,,,,,,,,,,,,,,,,
651,-114.44,62.46,YELLOWKNIFE A,2204100,2019-10-28 03:00,2019,10,28,03:00,,,,,,,,,,,,,,,,,,,
652,-114.44,62.46,YELLOWKNIFE A,2204100,2019-10-28 04:00,2019,10,28,04:00,,,,,,,,,,,,,,,,,,,
653,-114.44,62.46,YELLOWKNIFE A,2204100,2019-10-28 05:00,2019,10,28,05:00,,,,,,,,,,,,,,,,,,,
654,-114.44,62.46,YELLOWKNIFE A,2204100,2019-10-28 06:00,2019,10,28,06:00,,,,,,,,,,,,,,,,,,,
655,-114.44,62.46,YELLOWKNIFE A,2204100,2019-10-28 07:00,2019,10,28,07:00,,,,,,,,,,,,,,,,,,,
656,-114.44,62.46,YELLOWKNIFE A,2204100,2019-10-28 08:00,2019,10,28,08:00,,,,,,,,,,,,,,,,,,,
657,-114.44,62.46,YELLOWKNIFE A,2204100,2019-10-28 09:00,2019,10,28,09:00,,,,,,,,,,,,,,,,,,,
658,-114.44,62.46,YELLOWKNIFE A,2204100,2019-10-28 10:00,2019,10,28,10:00,,,,,,,,,,,,,,,,,,,
659,-114.44,62.46,YELLOWKNIFE A,2204100,2019-10-28 11:00,2019,10,28,11:00,,,,,,,,,,,,,,,,,,,
660,-114.44,62.46,YELLOWKNIFE A,2204100,2019-10-28 12:00,2019,10,28,12:00,,,,,,,,,,,,,,,,,,,
661,-114.44,62.46,YELLOWKNIFE A,2204100,2019-10-28 13:00,2019,10,28,13:00,,,,,,,,,,,,,,,,,,,
662,-114.44,62.46,YELLOWKNIFE A,2204100,2019-10-28 14:00,2019,10,28,14:00,,,,,,,,,,,,,,,,,,,
663,-114.44,62.46,YELLOWKNIFE A,2204100,2019-10-28 15:00,2019,10,28,15:00,,,,,,,,,,,,,,,,,,,
664,-114.44,62.46,YELLOWKNIFE A,2204100,2019-10-28 16:00,2019,10,28,16:00,,,,,,,,,,,,,,,,,,,
665,-114.44,62.46,YELLOWKNIFE A,2204100,2019-10-28 17:00,2019,10,28,17:00,,,,,,,,,,,,,,,,,,,
666,-114.44,62.46,YELLOWKNIFE A,2204100,2019-10-28 18:00,2019,10,28,18:00,,,,,,,,,,,,,,,,,,,
667,-114.44,62.46,YELLOWKNIFE A,2204100,2019-10-28 19:00,2019,10,28,19:00,,,,,,,,,,,,,,,,,,,
668,-114.44,62.46,YELLOWKNIFE A,2204100,2019-10-28 20:00,2019,10,28,20:00,,,,,,,,,,,,,,,,,,,
669,-114.44,62.46,YELLOWKNIFE A,2204100,2019-10-28 21:00,2019,10,28,21:00,,,,,,,,,,,,,,,,,,,
670,-114.44,62.46,YELLOWKNIFE A,2204100,2019-10-28 22:00,2019,10,28,22:00,,,,,,,,,,,,,,,,,,,
671,-114.44,62.46,YELLOWKNIFE A,2204100,2019-10-28 23:00,2019,10,28,23:00,,,,,,,,,,,,,,,,,,,
672,-114.44,62.46,YELLOWKNIFE A,2204100,2019-10-29 00:00,2019,10,29,00:00,,,,,,,,,,,,,,,,,,,
673,-114.44,62.46,YELLOWKNIFE A,2204100,2019-10-29 01:00,2019,10,29,01:00,,,,,,,,,,,,,,,,,,,
674,-114.44,62.46,YELLOWKNIFE A,2204100,2019-10-29 02:00,2019,10,29,02:00,,,,,,,,,,,,,,,,,,,
675,-114.44,62.46,YELLOWKNIFE A,2204100,2019-10-29 03:00,2019,10,29,03:00,,,,,,,,,,,,,,,,,,,
676,-114.44,62.46,YELLOWKNIFE A,2204100,2019-10-29 04:00,2019,10,29,04:00,,,,,,,,,,,,,,,,,,,
677,-114.44,62.46,YELLOWKNIFE A,2204100,2019-10-29 05:00,2019,10,29,05:00,,,,,,,,,,,,,,,,,,,
678,-114.44,62.46,YELLOWKNIFE A,2204100,2019-10-29 06:00,2019,10,29,06:00,,,,,,,,,,,,,,,,,,,
679,-114.44,62.46,YELLOWKNIFE A,2204100,2019-10-29 07:00,2019,10,29,07:00,,,,,,,,,,,,,,,,,,,
680,-114.44,62.46,YELLOWKNIFE A,2204100,2019-10-29 08:00,2019,10,29,08:00,,,,,,,,,,,,,,,,,,,
681,-114.44,62.46,YELLOWKNIFE A,2204100,2019-10-29 09:00,2019,10,29,09:00,,,,,,,,,,,,,,,,,,,
682,-114.44,62.46,YELLOWKNIFE A,2204100,2019-10-29 10:00,2019,10,29,10:00,,,,,,,,,,,,,,,,,,,
683,-114.44,62.46,YELLOWKNIFE A,2204100,2019-10-29 11:00,2019,10,29,11:00,,,,,,,,,,,,,,,,,,,
684,-114.44,62.46,YELLOWKNIFE A,2204100,2019-10-29 12:00,2019,10,29,12:00,,,,,,,,,,,,,,,,,,,
685,-114.44,62.46,YELLOWKNIFE A,2204100,2019-10-29 13:00,2019,10,29,13:00,,,,,,,,,,,,,,,,,,,
686,-114.44,62.46,YELLOWKNIFE A,2204100,2019-10-29 14:00,2019,10,29,14:00,,,,,,,,,,,,,,,,,,,
687,-114.44,62.46,YELLOWKNIFE A,2204100,2019-10-29 15:00,2019,10,29,15:00,,,,,,,,,,,,,,,,,,,
688,-114.44,62.46,YELLOWKNIFE A,2204100,2019-10-29 16:00,2019,10,29,16:00,,,,,,,,,,,,,,,,,,,
689,-114.44,62.46,YELLOWKNIFE A,2204100,2019-10-29 17:00,2019,10,29,17:00,,,,,,,,,,,,,,,,,,,
690,-114.44,62.46,YELLOWKNIFE A,2204100,2019-10-29 18:00,2019,10,29,18:00,,,,,,,,,,,,,,,,,,,
691,-114.44,62.46,YELLOWKNIFE A,2204100,2019-10-29 19:00,2019,10,29,19:00,,,,,,,,,,,,,,,,,,,
692,-114.44,62.46,YELLOWKNIFE A,2204100,2019-10-29 20:00,2019,10,29,20:00,,,,,,,,,,,,,,,,,,,
693,-114.44,62.46,YELLOWKNIFE A,2204100,2019-10-29 21:00,2019,10,29,21:00,,,,,,,,,,,,,,,,,,,
694,-114.44,62.46,YELLOWKNIFE A,2204100,2019-10-29 22:00,2019,10,29,22:00,,,,,,,,,,,,,,,,,,,
695,-114.44,62.46,YELLOWKNIFE A,2204100,2019-10-29 23:00,2019,10,29,23:00,,,,,,,,,,,,,,,,,,,
696,-114.44,62.46,YELLOWKNIFE A,2204100,2019-10-30 00:00,2019,10,30,00:00,,,,,,,,,,,,,,,,,,,
697,-114.44,62.46,YELLOWKNIFE A,2204100,2019-10-30 01:00,2019,10,30,01:00,,,,,,,,,,,,,,,,,,,
698,-114.44,62.46,YELLOWKNIFE A,2204100,2019-10-30 02:00,2019,10,30,02:00,,,,,,,,,,,,,,,,,,,
699,-114.44,62.46,YELLOWKNIFE A,2204100,2019-10-30 03:00,2019,10,30,03:00,,,,,,,,,,,,,,,,,,,
700,-114.44,62.46,YELLOWKNIFE A,2204100,2019-10-30 04:00,2019,10,30,04:00,,,,,,,,,,,,,,,,,,,
701,-114.44,62.46,YELLOWKNIFE A,2204100,2019-10-30 05:00,2019,10,30,05:00,,,,,,,,,,,,,,,,,,,
702,-114.44,62.46,YELLOWKNIFE A,2204100,2019-10-30 06:00,2019,10,30,06:00,,,,,,,,,,,,,,,,,,,
703,-114.44,62.46,YELLOWKNIFE A,2204100,2019-10-30 07:00,2019,10,30,07:00,,,,,,,,,,,,,,,,,,,
704,-114.44,62.46,YELLOWKNIFE A,2204100,2019-10-30 08:00,2019,10,30,08:00,,,,,,,,,,,,,,,,,,,
705,-114.44,62.46,YELLOWKNIFE A,2204100,2019-10-30 09:00,2019,10,30,09:00,,,,,,,,,,,,,,,,,,,
706,-114.44,62.46,YELLOWKNIFE A,2204100,2019-10-30 10:00,2019,10,30,10:00,,,,,,,,,,,,,,,,,,,
707,-114.44,62.46,YELLOWKNIFE A,2204100,2019-10-30 11:00,2019,10,30,11:00,,,,,,,,,,,,,,,,,,,
708,-114.44,62.46,YELLOWKNIFE A,2204100,2019-10-30 12:00,2019,10,30,12:00,,,,,,,,,,,,,,,,,,,
709,-114.44,62.46,YELLOWKNIFE A,2204100,2019-10-30 13:00,2019,10,30,13:00,,,,,,,,,,,,,,,,,,,
710,-114.44,62.46,YELLOWKNIFE A,2204100,2019-10-30 14:00,2019,10,30,14:00,,,,,,,,,,,,,,,,,,,
711,-114.44,62.46,YELLOWKNIFE A,2204100,2019-10-30 15:00,2019,10,30,15:00,,,,,,,,,,,,,,,,,,,
712,-114.44,62.46,YELLOWKNIFE A,2204100,2019-10-30 16:00,2019,10,30,16:00,,,,,,,,,,,,,,,,,,,
713,-114.44,62.46,YELLOWKNIFE A,2204100,2019-10-30 17:00,2019,10,30,17:00,,,,,,,,,,,,,,,,,,,
714,-114.44,62.46,YELLOWKNIFE A,2204100,2019-10-30 18:00,2019,10,30,18:00,,,,,,,,,,,,,,,,,,,
715,-114.44,62.46,YELLOWKNIFE A,2204100,2019-10-30 19:00,2019,10,30,19:00,,,,,,,,,,,,,,,,,,,
716,-114.44,62.46,YELLOWKNIFE A,2204100,2019-10-30 20:00,2019,10,30,20:00,,,,,,,,,,,,,,,,,,,
717,-114.44,62.46,YELLOWKNIFE A,2204100,2019-10-30 21:00,2019,10,30,21:00,,,,,,,,,,,,,,,,,,,
718,-114.44,62.46,YELLOWKNIFE A,2204100,2019-10-30 22:00,2019,10,30,22:00,,,,,,,,,,,,,,,,,,,
719,-114.44,62.46,YELLOWKNIFE A,2204100,2019-10-30 23:00,2019,10,30,23:00,,,,,,,,,,,,,,,,,,,
720,-114.44,62.46,YELLOWKNIFE A,2204100,2019-10-31 00:00,2019,10,31,00:00,,,,,,,,,,,,,,,,,,,
721,-114.44,62.46,YELLOWKNIFE A,2204100,2019-10-31 01:00,2019,10,31,01:00,,,,,,,,,,,,,,,,,,,
722,-114.44,62.46,YELLOWKNIFE A,2204100,2019-10-31 02:00,2019,10,31,02:00,,,,,,,,,,,,,,,,,,,
723,-114.44,62.46,YELLOWKNIFE A,2204100,2019-10-31 03:00,2019,10,31,03:00,,,,,,,,,,,,,,,,,,,
724,-114.44,62.46,YELLOWKNIFE A,2204100,2019-10-31 04:00,2019,10,31,04:00,,,,,,,,,,,,,,,,,,,
725,-114.44,62.46,YELLOWKNIFE A,2204100,2019-10-31 05:00,2019,10,31,05:00,,,,,,,,,,,,,,,,,,,
726,-114.44,62.46,YELLOWKNIFE A,2204100,2019-10-31 06:00,2019,10,31,06:00,,,,,,,,,,,,,,,,,,,
727,-114.44,62.46,YELLOWKNIFE A,2204100,2019-10-31 07:00,2019,10,31,07:00,,,,,,,,,,,,,,,,,,,
728,-114.44,62.46,YELLOWKNIFE A,2204100,2019-10-31 08:00,2019,10,31,08:00,,,,,,,,,,,,,,,,,,,
729,-114.44,62.46,YELLOWKNIFE A,2204100,2019-10-31 09:00,2019,10,31,09:00,,,,,,,,,,,,,,,,,,,
730,-114.44,62.46,YELLOWKNIFE A,2204100,2019-10-31 10:00,2019,10,31,10:00,,,,,,,,,,,,,,,,,,,
731,-114.44,62.46,YELLOWKNIFE A,2204100,2019-10-31 11:00,2019,10,31,11:00,,,,,,,,,,,,,,,,,,,
732,-114.44,62.46,YELLOWKNIFE A,2204100,2019-10-31 12:00,2019,10,31,12:00,,,,,,,,,,,,,,,,,,,
733,-114.44,62.46,YELLOWKNIFE A,2204100,2019-10-31 13:00,2019,10,31,13:00,,,,,,,,,,,,,,,,,,,
734,-114.44,62.46,YELLOWKNIFE A,2204100,2019-10-31 14:00,2019,10,31,14:00,,,,,,,,,,,,,,,,,,,
735,-114.44,62.46,YELLOWKNIFE A,2204100,2019-10-31 15:00,2019,10,31,15:00,,,,,,,,,,,,,,,,,,,
736,-114.44,62.46,YELLOWKNIFE A,2204100,2019-10-31 16:00,2019,10,31,16:00,,,,,,,,,,,,,,,,,,,
737,-114.44,62.46,YELLOWKNIFE A,2204100,2019-10-31 17:00,2019,10,31,17:00,,,,,,,,,,,,,,,,,,,
738,-114.44,62.46,YELLOWKNIFE A,2204100,2019-10-31 18:00,2019,10,31,18:00,,,,,,,,,,,,,,,,,,,
739,-114.44,62.46,YELLOWKNIFE A,2204100,2019-10-31 19:00,2019,10,31,19:00,,,,,,,,,,,,,,,,,,,
740,-114.44,62.46,YELLOWKNIFE A,2204100,2019-10-31 20:00,2019,10,31,20:00,,,,,,,,,,,,,,,,,,,
741,-114.44,62.46,YELLOWKNIFE A,2204100,2019-10-31 21:00,2019,10,31,21:00,,,,,,,,,,,,,,,,,,,
742,-114.44,62.46,YELLOWKNIFE A,2204100,2019-10-31 22:00,2019,10,31,22:00,,,,,,,,,,,,,,,,,,,
743,-114.44,62.46,YELLOWKNIFE A,2204100,2019-10-31 23:00,2019,10,31,23:00,,,,,,,,,,,,,,,,,,,
